Title,Date
"The Crown: 6. Sezon: Will Çılgınlığı","12.01.2024"
"The Crown: 6. Sezon: Sonuçlar","12.01.2024"
"The Crown: 6. Sezon: Dis-Moi Oui","11.01.2024"
"The Crown: 6. Sezon: İki Fotoğraf","11.01.2024"
"The Crown: 6. Sezon: Persona Non Grata","10.01.2024"
"The Crown: 5. Sezon: Kullanım Dışı","10.01.2024"
"The Crown: 5. Sezon: 31. Çift","10.01.2024"
"Beni Kandıramazsın: Mini Dizi: 1. Bölüm","07.01.2024"
"Don't Look Up","07.01.2024"
"I Care a Lot","07.01.2024"
"Kayıp Savaş","07.01.2024"
"İç İşler","07.01.2024"
"Kar Kardeşliği","06.01.2024"
"The Crown: 5. Sezon: Barut","05.01.2024"
"The Crown: 5. Sezon: Kadının Yeri Yok","05.01.2024"
"Yanık Kokusu: Mini Dizi: Düşüş","01.01.2024"
"Yanık Kokusu: Mini Dizi: İki Rosa","31.12.2023"
"Yanık Kokusu: Mini Dizi: Baraj Gölü","31.12.2023"
"Cem Yılmaz: Diamond Elite Platinum Plus","30.12.2023"
"Berlin: 1. Sezon: Embriyo Kozu","30.12.2023"
"Berlin: 1. Sezon: Çapa ve Kurt","30.12.2023"
"Berlin: 1. Sezon: Aşkın Coşkusu","30.12.2023"
"The Crown: 5. Sezon: Ipatiev Evi","14.12.2023"
"Her Şey Yalan: 1. Sezon: 1. Bölüm","13.12.2023"
"Walter Erkekleriyle Hayatım: 1. Sezon: Colorado'ya Hoş Geldin","08.12.2023"
"Good Morning, Verônica: 1. Sezon: Kutunun Dışında","08.12.2023"
"Bir Skandalın Anatomisi: Mini Dizi: 1. Bölüm","08.12.2023"
"The Twelve: 1. Sezon: Brechtje ve Roos","07.12.2023"
"The Twelve: 1. Sezon: Ulrich ve Elisabeth","06.12.2023"
"The Twelve: 1. Sezon: Cleo ve Jutta","06.12.2023"
"The Twelve: 1. Sezon: Lutgard ve Margot","06.12.2023"
"İstanbul için son çağrı","06.12.2023"
"The Twelve: 1. Sezon: Guy","04.12.2023"
"The Twelve: 1. Sezon: Stefaan","27.11.2023"
"The Twelve: 1. Sezon: Marc","27.11.2023"
"The Twelve: 1. Sezon: Eliane","26.11.2023"
"The Twelve: 1. Sezon: Donald","26.11.2023"
"The Twelve: 1. Sezon: Frie","25.11.2023"
"Chesapeake Shores: 2. Sezon: Sırlar, Yalanlar ve Okul Alışverişi","25.11.2023"
"Neredeyse Sıradan Bir Aile: Mini Dizi: No. 1","25.11.2023"
"Davetsiz Misafir: 1. Sezon: Büyük Utanç","24.11.2023"
"Davetsiz Misafir: 1. Sezon: Modern Kadın","24.11.2023"
"Manifest: 4. Sezon: Pisti Pas Geçiş","24.11.2023"
"Painkiller: Mini Dizi: Bir Kez Başlayınca Bırakamazsın","24.11.2023"
"Sahte Profil: 1. Sezon: Gerçek Buluşma","19.11.2023"
"Ferry (Dizi): Dizi: Sadece Üyeler","19.11.2023"
"Unutulmuş Sevgi","19.11.2023"
"Acı Reçete","19.11.2023"
"Soygun Sanatı","19.11.2023"
"Göremediğimiz Tüm Işıklar: Mini Dizi: 1. Bölüm","19.11.2023"
"Suburræterna: 1. Sezon: Kafesler","19.11.2023"
"Dünyanın En Zengin Kadını Nasıl Dolandırıldı?: Mini Dizi: Çünkü O Buna Değerdi","14.11.2023"
"The Killer","12.11.2023"
"Power: 1. Sezon: Tam Olarak Planladığımız Gibi Değil","07.11.2023"
"The Irishman","07.11.2023"
"Kim Bu Erin Carter?: Mini Dizi: 1. Bölüm","05.11.2023"
"Derin Komplo: Mini Dizi: Arkadaşlık","05.11.2023"
"Derin Komplo: Mini Dizi: Bağlantı","05.11.2023"
"Yaratılan: Mini Dizi: Bir Can Doğacak Ölüden","01.11.2023"
"Yaratılan: Mini Dizi: Kan Sıcak Akmalı","01.11.2023"
"Yaratılan: Mini Dizi: Kafamdaki Sesler","01.11.2023"
"Yaratılan: Mini Dizi: Onu İyileştir","01.11.2023"
"Yaşam Şifresi","01.11.2023"
"David Beckham: Mini Dizi: Dönüm Noktaları","01.11.2023"
"Hava Muhalefeti","26.09.2023"
"Yüz Karası: 1. Sezon: 1. Bölüm","21.09.2023"
"Derin Komplo: Mini Dizi: Sürpriz!","12.09.2023"
"Mutlu Son","12.09.2023"
"Mükemmel Bir Hikâye: Mini Dizi: Birbirimizi Aramayacağız","11.09.2023"
"Gerçek Ajan Hikâyeleri: 1. Sezon: Jawbreaker Operasyonu","11.09.2023"
"Kalifat: 1. Sezon: 8. Bölüm","08.09.2023"
"Kalifat: 1. Sezon: 7. Bölüm","08.09.2023"
"Kalifat: 1. Sezon: 6. Bölüm","08.09.2023"
"Kalifat: 1. Sezon: 5. Bölüm","08.09.2023"
"Kalifat: 1. Sezon: 4. Bölüm","08.09.2023"
"Kalifat: 1. Sezon: 3. Bölüm","08.09.2023"
"Kalifat: 1. Sezon: 2. Bölüm","08.09.2023"
"Kalifat: 1. Sezon: 1. Bölüm","08.09.2023"
"Young Sheldon: 1. Sezon: Poker, İnanç ve Yumurtalar","29.08.2023"
"Young Sheldon: 1. Sezon: Roketler, Komünistler ve Dewey Ondalık Sistemi","29.08.2023"
"Young Sheldon: 1. Sezon: Pilot Bölüm","29.08.2023"
"Kutsal Damacana 4","21.08.2023"
"Şimdilik Her Şey Yolunda: 1. Sezon: Bu Aramızda Kalacak","26.06.2023"
"Let's Get Divorced: 1. Sezon: 1. Bölüm","26.06.2023"
"Derin Komplo: Mini Dizi: Tedirginlik","25.06.2023"
"İnsanın Krallığı: 1. Sezon: Osorio Dosyası","25.06.2023"
"BEEF: 1. Sezon: Hayatta Olmanın Coşkusu","25.06.2023"
"BEEF: 1. Sezon: Kuşlar Şarkı Söylemiyor, Acı Acı Ötüyorlar","25.06.2023"
"Ham Elmaslar: 1. Sezon: 8. Bölüm","24.06.2023"
"Penceremden 2: Aramızdaki Deniz","24.06.2023"
"Maya'ya İyi Bakın","20.06.2023"
"Ham Elmaslar: 1. Sezon: 7. Bölüm","18.06.2023"
"Ham Elmaslar: 1. Sezon: 6. Bölüm","18.06.2023"
"Ham Elmaslar: 1. Sezon: 5. Bölüm","18.06.2023"
"Ham Elmaslar: 1. Sezon: 4. Bölüm","18.06.2023"
"Ham Elmaslar: 1. Sezon: 3. Bölüm","18.06.2023"
"Ham Elmaslar: 1. Sezon: 2. Bölüm","18.06.2023"
"Ham Elmaslar: 1. Sezon: 1. Bölüm","18.06.2023"
"Önemsiz Biri","18.06.2023"
"Barakuda Kraliçeleri: 1. Sezon: Båstad İçin Pişmanım","07.06.2023"
"Valeria: 2. Sezon: Kaçmayı Bırak","05.06.2023"
"Valeria: 1. Sezon: Üç Nokta","05.06.2023"
"Valeria: 1. Sezon: Paket","05.06.2023"
"Valeria: 1. Sezon: Bahçem Kurudu","05.06.2023"
"Kız Kardeşler","04.06.2023"
"Sessizlik: Mini Dizi: 3. Bölüm","25.05.2023"
"Sessizlik: Mini Dizi: 2. Bölüm","25.05.2023"
"Sessizlik: Mini Dizi: 1. Bölüm","25.05.2023"
"Sadakat Yalanı","19.05.2023"
"Savage Beauty: 1. Sezon: 1. Bölüm","19.05.2023"
"Royalteen: Prenses Margrethe","14.05.2023"
"The Mother","13.05.2023"
"Terzi: 1. Sezon: 5. Bölüm","11.05.2023"
"Terzi: 1. Sezon: 4. Bölüm","11.05.2023"
"Terzi: 1. Sezon: 3. Bölüm","11.05.2023"
"Terzi: 1. Sezon: 2. Bölüm","11.05.2023"
"Terzi: 1. Sezon: 1. Bölüm","11.05.2023"
"Doktor García'nın Hastaları: 1. Sezon: Manuel","06.05.2023"
"Doktor García'nın Hastaları: 1. Sezon: Guillermo","06.05.2023"
"Hemşire: Mini Dizi: Kurtuluş","27.04.2023"
"Yalanlar: 1. Sezon: Sonuçlar","23.04.2023"
"The Playlist: Mini Dizi: Vizyon","23.04.2023"
"The Diplomat: 1. Sezon: Sindirella Olayı","22.04.2023"
"Boğa Boğa","21.04.2023"
"Queenmaker: 1. Sezon: 1. Bölüm","20.04.2023"
"Glitter: 1. Sezon: Seyret İstiyorum","16.04.2023"
"Kan, Seks ve Krallık: 1. Sezon: Boleyn'ler Yükseliyor","16.04.2023"
"","16.04.2023"
"Obsession: Mini Dizi: 4. Bölüm","15.04.2023"
"Obsession: Mini Dizi: 3. Bölüm","15.04.2023"
"Obsession: Mini Dizi: 2. Bölüm","15.04.2023"
"Obsession: Mini Dizi: 1. Bölüm","15.04.2023"
"Royalteen","14.04.2023"
"Bana Karanlığını Anlat","14.04.2023"
"Mucize","13.04.2023"
"2 Kalp","13.04.2023"
"The Starling","13.04.2023"
"Biz Kimden Kaçıyorduk Anne?: Mini Dizi: 6. Bölüm","10.04.2023"
"Biz Kimden Kaçıyorduk Anne?: Mini Dizi: 5. Bölüm","10.04.2023"
"Biz Kimden Kaçıyorduk Anne?: Mini Dizi: 4. Bölüm","10.04.2023"
"Biz Kimden Kaçıyorduk Anne?: Mini Dizi: 3. Bölüm","10.04.2023"
"Biz Kimden Kaçıyorduk Anne?: Mini Dizi: 2. Bölüm","09.04.2023"
"Kadınlar Savaşta: Mini Dizi: 2. Bölüm","09.04.2023"
"Kadınlar Savaşta: Mini Dizi: 1. Bölüm","09.04.2023"
"Biz Kimden Kaçıyorduk Anne?: Mini Dizi: 1. Bölüm","09.04.2023"
"Bu Gece Benimlesin","09.04.2023"
"War Sailor: Mini Dizi: 1. Bölüm","02.04.2023"
"Sınır Yok (Dizi): 1. Sezon: Yaşayanlar ve Ölüler","01.04.2023"
"Uçuş: Bir Uyuşturucu Kuryesinin İtirafları: Mini Dizi: 2. Bölüm","30.03.2023"
"Uçuş: Bir Uyuşturucu Kuryesinin İtirafları: Mini Dizi: 1. Bölüm","30.03.2023"
"La casa de papel: 1. Kısım: 3. Bölüm","30.03.2023"
"İnsanın Krallığı: 1. Sezon: Piçler","27.03.2023"
"İnsanın Krallığı: 1. Sezon: Yeniliğe Geçit Yok","27.03.2023"
"İnsanın Krallığı: 1. Sezon: Kefaret","27.03.2023"
"İnsanın Krallığı: 1. Sezon: Tanrı'nın Elçisi","27.03.2023"
"İnsanın Krallığı: 1. Sezon: Hasar Kontrolü","27.03.2023"
"The Fall: 3. Sezon: Rahatsız Eden Düşünceler","27.03.2023"
"Ada ve Maestro: 1. Sezon: Clair De Lune","26.03.2023"
"Sessiz Bir Yer 2","26.03.2023"
"The Recruit: 1. Sezon: B.C.D.B.A.","26.03.2023"
"Messiah: 1. Sezon: Günahın Bedeli","26.03.2023"
"Messiah: 1. Sezon: Tanrı Daha Büyüktür","26.03.2023"
"Messiah: 1. Sezon: Mücbir Sebep","26.03.2023"
"Messiah: 1. Sezon: Söylendi ve Yerine Geldi","26.03.2023"
"Messiah: 1. Sezon: Hepimiz Ölmeyeceğiz","25.03.2023"
"Messiah: 1. Sezon: Gördükleri Hâlde Görmesinler","25.03.2023"
"The Night Agent: 1. Sezon: Arama","25.03.2023"
"Eve Yakın Bir Cinayet: 1. Sezon: Yeni Efendiler","24.03.2023"
"Eve Yakın Bir Cinayet: 1. Sezon: Karanlığa Doğru","22.03.2023"
"Eve Yakın Bir Cinayet: 1. Sezon: Tehlikeli Topraklar","22.03.2023"
"Messiah: 1. Sezon: Sınav","19.03.2023"
"Messiah: 1. Sezon: Tanrı'nın Parmağı","19.03.2023"
"Messiah: 1. Sezon: İşitecek Kulağı Olan İşitsin","19.03.2023"
"Treason: Mini Dizi: 5. Bölüm","18.03.2023"
"Treason: Mini Dizi: 4. Bölüm","18.03.2023"
"Keep Breathing: Mini Dizi: Varış","14.03.2023"
"Treason: Mini Dizi: 3. Bölüm","12.03.2023"
"Treason: Mini Dizi: 2. Bölüm","12.03.2023"
"Treason: Mini Dizi: 1. Bölüm","12.03.2023"
"Hırs","12.03.2023"
"You: 2. Sezon: İyi Sağlıklı Hafta Sonları, Joe!","12.03.2023"
"Sex/Life: 1. Sezon: Kavşak Noktası","12.03.2023"
"Sex/Life: 1. Sezon: Kasabada Cumartesi Gecesi","12.03.2023"
"Echoes: Mini Dizi: Doğum Günü","11.03.2023"
"Echoes: Mini Dizi: Ev","11.03.2023"
"Outer Banks: 1. Sezon: Pilot Bölüm","11.03.2023"
"Çok Uzak","11.03.2023"
"Komşu Ev: Mini Dizi: Geçmişte Yaşamaktan Bıktım, Gelecek Benim İçimde","28.02.2023"
"Komşu Ev: Mini Dizi: Satıyorum, Satıyorum, Satıldı!","27.02.2023"
"Komşu Ev: Mini Dizi: Dibe Vurmaktan Ateşlisi Yok","27.02.2023"
"Komşu Ev: Mini Dizi: O Aramızda","26.02.2023"
"Komşu Ev: Mini Dizi: Geçmişin Gölgeleri","26.02.2023"
"Üçüzler: 1. Sezon: 33 x 3","26.02.2023"
"Gece ve Gündüz","22.02.2023"
"Baba 3: Michael Corleone'nin Ölümü","19.02.2023"
"Aşk² Yeni Baştan","17.02.2023"
"Zeytin Ağacı: 1. Sezon: 1. Bölüm","17.02.2023"
"Şahmaran: Season 1: Dünya Sancısı","16.02.2023"
"Her Şey Yolunda","14.02.2023"
"Stromboli","12.02.2023"
"Komşu Ev: Mini Dizi: Suç ve Ceza","11.02.2023"
"Karlar Kızı: 1. Sezon: 4. Bölüm","08.02.2023"
"Karlar Kızı: 1. Sezon: 3. Bölüm","08.02.2023"
"Karlar Kızı: 1. Sezon: 2. Bölüm","08.02.2023"
"Karlar Kızı: 1. Sezon: 1. Bölüm","08.02.2023"
"Better Call Saul: 1. Sezon: Bir","05.02.2023"
"Yetenekli Genç Kadın","15.01.2023"
"Komşu Ev: Mini Dizi: Mükemmel Yalan","15.01.2023"
"Ölüme Eş: 1. Sezon: Ölülerin Arasında","15.01.2023"
"Alpha Males: 1. Sezon: Yaptığına Bak","13.01.2023"
"Alpha Males: 1. Sezon: Hassas Hetero-esnek","12.01.2023"
"Alpha Males: 1. Sezon: Ibiza Havası","12.01.2023"
"Alpha Males: 1. Sezon: Toksik Maskülenlik","12.01.2023"
"Alpha Males: 1. Sezon: Hayattan Vakit Kalmıyor","10.01.2023"
"Alpha Males: 1. Sezon: Parçalama","10.01.2023"
"Komşu Ev: Mini Dizi: Allak Bullak","07.01.2023"
"Komşu Ev: Mini Dizi: Her Eylemin Bir Sonucu Vardır","07.01.2023"
"Komşu Ev: Mini Dizi: İki Hayat Sürdüğüm Bu Yıl","07.01.2023"
"Family Secrets: 1. Sezon: 2. Bölüm","25.12.2022"
"Family Secrets: 1. Sezon: 1. Bölüm","25.12.2022"
"42 Days of Darkness: 1. Sezon: Burada Böyle Şeyler Olmaz","25.12.2022"
"A Storm for Christmas: Mini Dizi: 1. Bölüm","20.12.2022"
"Glitter: 1. Sezon: Kulübe Hoş Geldin","18.12.2022"
"Glitter: 1. Sezon: Aşk Gecesi","18.12.2022"
"The Crown: 5. Sezon: Önümüzdeki Yol","15.12.2022"
"The Crown: 5. Sezon: Korkunç Bir Yıl","15.12.2022"
"The Crown: 5. Sezon: Mou Mou","14.12.2022"
"The Crown: 5. Sezon: Sistem","14.12.2022"
"In From the Cold: 1. Sezon: Neler Oluyor?","14.12.2022"
"CAT: 1. Sezon: Anlaşma","13.12.2022"
"An Easy Girl","06.12.2022"
"Aksiyon Adamı","06.12.2022"
"Sır Yuvası","05.12.2022"
"Sınır Yok","04.12.2022"
"Sıcak Kafa: Season 1: Galanthus Byzantinus","04.12.2022"
"Capitani: 1. Sezon: Hey, Sen! Yukarıdaki!","04.12.2022"
"1899: 1. Sezon: Çocuk","04.12.2022"
"1899: 1. Sezon: Gemi","04.12.2022"
"Lady Chatterley'nin Sevgilisi","03.12.2022"
"Ateşböceği Yolu: 1. Sezon: Aşk Bir Savaş Meydanıdır","03.12.2022"
"Ateşböceği Yolu: 1. Sezon: Dans Eden Kraliçeler","03.12.2022"
"The Secret of the Greco Family: 1. Sezon: Bölüm 1","03.12.2022"
"Tiny Pretty Things: 1. Sezon: Esneklik","03.12.2022"
"Karanlığın Elli Tonu","30.11.2022"
"The Crown: 5. Sezon: Kraliçe Victoria Sendromu","29.11.2022"
"Şimdiki Aklım Olsaydı: 1. Sezon: O Gece","27.11.2022"
"Şimdiki Aklım Olsaydı: 1. Sezon: Paris'e Dönüş","26.11.2022"
"Şimdiki Aklım Olsaydı: 1. Sezon: Kanlı Ay","26.11.2022"
"Shéhérazade","20.11.2022"
"Inside Man: 1. Sezon: 3. Bölüm","06.11.2022"
"Inside Man: 1. Sezon: 2. Bölüm","06.11.2022"
"Inside Man: 1. Sezon: 1. Bölüm","06.11.2022"
"Dancing Queens","03.11.2022"
"Kitz: 1. Sezon: Geri Sayım","03.11.2022"
"Chesapeake Shores: 1. Sezon: Eski Sevgililer","02.11.2022"
"Chesapeake Shores: 1. Sezon: Bozulan Anlaşmalar","02.11.2022"
"Chesapeake Shores: 1. Sezon: İkinci Şanslar","02.11.2022"
"Chesapeake Shores: 1. Sezon: Georgia Aklımda","02.11.2022"
"Chesapeake Shores: 1. Sezon: Bir Kız Kazanıyoruz","02.11.2022"
"Chesapeake Shores: 1. Sezon: Bir Oğul Kaybetmiyoruz...","02.11.2022"
"Chesapeake Shores: 1. Sezon: Kürkçü Dükkânı: 2. Bölüm","02.11.2022"
"Chesapeake Shores: 1. Sezon: Kürkçü Dükkânı: 1. Bölüm","31.10.2022"
"Chesapeake Shores: 1. Sezon: Pilot: 2. Bölüm","31.10.2022"
"Chesapeake Shores: 1. Sezon: Pilot: 1. Bölüm","31.10.2022"
"Gypsy: 1. Sezon: Driftwood Yolu","30.10.2022"
"Gypsy: 1. Sezon: Morgan Durağı","30.10.2022"
"Spinning Out: 1. Sezon: Dikkatli Olun","30.10.2022"
"Güneşin Karanlığında: 1. Sezon: Yeniden İş Başında","30.10.2022"
"Neumatt: 1. Sezon: Öz Kaynak","29.10.2022"
"Neumatt: 1. Sezon: Yatırım","29.10.2022"
"Neumatt: 1. Sezon: Yıkım","29.10.2022"
"Son Durak 5","29.10.2022"
"Sen Yaşamaya Bak","27.10.2022"
"The Green Glove Gang: 1. Sezon: 2. Bölüm","23.10.2022"
"The Green Glove Gang: 1. Sezon: 1. Bölüm","23.10.2022"
"From Scratch: Mini Dizi: Gül ve Diken","22.10.2022"
"From Scratch: Mini Dizi: İlk Tatlar","22.10.2022"
"Holy Family: 1. Sezon: Bir Çatlak","20.10.2022"
"Sıradışı Anne","19.10.2022"
"Good Morning, Verônica: 1. Sezon: Ciao, Principessa","18.10.2022"
"Good Morning, Verônica: 1. Sezon: Beklenmedik Ziyaret","18.10.2022"
"Kleo: 1. Sezon: Uwe","16.10.2022"
"Kleo: 1. Sezon: Bakan","16.10.2022"
"Kleo: 1. Sezon: Sóller'de Kar","16.10.2022"
"Kleo: 1. Sezon: Yeniden Buluşma","16.10.2022"
"Kleo: 1. Sezon: Büyük Cennet","16.10.2022"
"Siyah Kelebekler: Mini Dizi: 1. Bölüm","16.10.2022"
"Gözcü: 1. Sezon: Kan Adağı","14.10.2022"
"Gözcü: 1. Sezon: Hoş Geldiniz Dostlar","14.10.2022"
"Andropoz: Mini Dizi: 1. Bölüm","13.10.2022"
"Clark: Mini Dizi: En İyinin Feriştahı Olamıyorsam En Azından En Kötünün Feriştahı Olacaktım","12.10.2022"
"Dünyanın En Şanslı Kızı","12.10.2022"
"Derin Tutkular","09.10.2022"
"The Midnight Club: 1. Sezon: Son Bölüm","09.10.2022"
"Blonde","05.10.2022"
"The Empress: 1. Sezon: Özgürlük Adını Verdikleri Tanrı","04.10.2022"
"The Empress: 1. Sezon: Ayakkabılar","04.10.2022"
"The Empress: 1. Sezon: Av","04.10.2022"
"The Empress: 1. Sezon: Düğün","04.10.2022"
"The Empress: 1. Sezon: Varış","04.10.2022"
"The Empress: 1. Sezon: İnsanın Dünyadaki Yeri","04.10.2022"
"Terim: Season 1: Bölüm 3","28.09.2022"
"Terim: Season 1: Bölüm 2","28.09.2022"
"Terim: Season 1: Bölüm 1","28.09.2022"
"Rumspringa - An Amish in Berlin","25.09.2022"
"The Girls at the Back: 1. Sezon: 1. Bölüm","25.09.2022"
"Altın Kafes","25.09.2022"
"Sen, Ben, Onlar ve Biz","25.09.2022"
"Peaky Blinders: 1. Sezon: 5. Bölüm","25.09.2022"
"Queen: 1. Sezon: 1. Bölüm","24.09.2022"
"Yüksek Ateş: 1. Sezon: Yangın Düşleri","24.09.2022"
"Müptela","24.09.2022"
"The Perfumier","23.09.2022"
"The Royals: 1. Sezon: Dur, Kimsin Söyle","23.09.2022"
"Benim Şahane Hayatım","22.09.2022"
"Bir Jigolonun Günlüğü: 1. Sezon: Bölüm 1","21.09.2022"
"Âşıklar Bayramı","15.09.2022"
"Zeytin Ağacı: 1. Sezon: 8. Bölüm","14.09.2022"
"Zeytin Ağacı: 1. Sezon: 7. Bölüm","14.09.2022"
"Zeytin Ağacı: 1. Sezon: 6. Bölüm","14.09.2022"
"Zeytin Ağacı: 1. Sezon: 5. Bölüm","14.09.2022"
"Zeytin Ağacı: 1. Sezon: 4. Bölüm","14.09.2022"
"Zeytin Ağacı: 1. Sezon: 3. Bölüm","14.09.2022"
"Zeytin Ağacı: 1. Sezon: 2. Bölüm","09.09.2022"
"Dry Martina","24.07.2022"
"Grinin Elli Tonu","24.07.2022"
"İdeal Bir Anne: 1. Sezon: 2. Bölüm","24.07.2022"
"The White Princess: 1. Sezon: Düşmanla Yatmak","24.07.2022"
"İdeal Bir Anne: 1. Sezon: 1. Bölüm","24.07.2022"
"Two Summers: 1. Sezon: 2. Bölüm","24.07.2022"
"Pálpito: 1. Sezon: O Kalp Asla Senin Olmamalıydı","24.07.2022"
"Alba: 1. Sezon: Alba'nın suçu ne?","24.07.2022"
"The Umbrella Academy: 2. Sezon: Yine Tam Başladığımız Yerde","02.07.2022"
"Aşkın Kıyameti","26.06.2022"
"Two Summers: 1. Sezon: 1. Bölüm","21.06.2022"
"Pálpito: 1. Sezon: Arayış","21.06.2022"
"Mezarlık: Gunesten Daha Sicak","21.06.2022"
"Intimacy: 1. Sezon: Ölümcül Medya","19.06.2022"
"Dirty John: Betty Broderick: Hatasızlık","19.06.2022"
"Léa'nın 7 Yaşamı: Mini Dizi: 15 Haziran","19.06.2022"
"Love & Anarchy: 1. Sezon: Ayahuska","19.06.2022"
"Love & Anarchy: 1. Sezon: Pişmanlıklar","19.06.2022"
"Kuş Uçuşu: 1. Sezon: 8. Bölüm","15.06.2022"
"Kuş Uçuşu: 1. Sezon: 7. Bölüm","15.06.2022"
"Kuş Uçuşu: 1. Sezon: 6. Bölüm","14.06.2022"
"Kuş Uçuşu: 1. Sezon: 5. Bölüm","14.06.2022"
"Kuş Uçuşu: 1. Sezon: 4. Bölüm","14.06.2022"
"Kuş Uçuşu: 1. Sezon: 3. Bölüm","14.06.2022"
"Kuş Uçuşu: 1. Sezon: 2. Bölüm","14.06.2022"
"Kuş Uçuşu: 1. Sezon: 1. Bölüm","13.06.2022"
"Cennete Hoş Geldiniz: 1. Sezon: Değerlendirme","04.06.2022"
"Cennete Hoş Geldiniz: 1. Sezon: Hayatınızın Yolculuğu","04.06.2022"
"Asla Vazgeçme: Mini Dizi: 1. Bölüm","04.06.2022"
"Erşan Kuneri: 1. Sezon: Kooperatif Kemal","01.06.2022"
"Erşan Kuneri: 1. Sezon: Ebenin Avı","01.06.2022"
"Erşan Kuneri: 1. Sezon: Kuru Murad","28.05.2022"
"Aşkı Yine Boş Ver","28.05.2022"
"Entrevías: 1. Sezon: Eski kafalı bir pislik","22.05.2022"
"Toskana","22.05.2022"
"Pálpito: 1. Sezon: Bedenimdeki Misafir","19.05.2022"
"Pálpito: 1. Sezon: Mutluluk Sonsuza Dek Sürmez","19.05.2022"
"Bir Skandalın Anatomisi: Mini Dizi: 6. Bölüm","19.05.2022"
"Av","19.05.2022"
"PIECES OF HER: 1. Sezon: 2. Bölüm","19.05.2022"
"PIECES OF HER: 1. Sezon: 1. Bölüm","19.05.2022"
"Inventing Anna: Mini Dizi: Ayrıcalıklı Bir Yaşam","08.05.2022"
"Grace and Frankie: 1. Sezon: Kredi Kartları","08.05.2022"
"Arı Filmi","29.04.2022"
"Bir Skandalın Anatomisi: Mini Dizi: 5. Bölüm","17.04.2022"
"Bir Skandalın Anatomisi: Mini Dizi: 4. Bölüm","17.04.2022"
"Bir Skandalın Anatomisi: Mini Dizi: 3. Bölüm","17.04.2022"
"Bir Skandalın Anatomisi: Mini Dizi: 2. Bölüm","17.04.2022"
"Uysallar: Mini Dizi: 1. Bölüm","05.04.2022"
"Kaçamak","26.03.2022"
"Pera Palas'ta Gece Yarısı: 1. Sezon: Mefkud","20.03.2022"
"Pera Palas'ta Gece Yarısı: 1. Sezon: Zenberek","20.03.2022"
"Fishbowl Wives: 1. Sezon: Dış Kaynak Kullanan Eş","20.03.2022"
"Fishbowl Wives: 1. Sezon: Akvaryumdaki Eş","20.03.2022"
"Yalanlar: 1. Sezon: Bana inanıyor musun?","11.03.2022"
"Pera Palas'ta Gece Yarısı: 1. Sezon: Yüzleşme","06.03.2022"
"Pera Palas'ta Gece Yarısı: 1. Sezon: Hayat-ı Memat","06.03.2022"
"Pera Palas'ta Gece Yarısı: 1. Sezon: Men Dakka Dukka","06.03.2022"
"Pera Palas'ta Gece Yarısı: 1. Sezon: Gizli","06.03.2022"
"Dört Dakika","06.03.2022"
"Üstat","06.03.2022"
"Vikings: Valhalla: 1. Sezon: Viking","04.03.2022"
"Şanslı Per","04.03.2022"
"Vikings: Valhalla: 1. Sezon: Grönlandlılar","02.03.2022"
"En Soğuk Düşman","02.03.2022"
"Vikingler: 1. Sezon: Ergenliğe Geçiş Töreni","01.03.2022"
"Sadakat: 1. Sezon: 6. Bölüm","27.02.2022"
"Sadakat: 1. Sezon: 5. Bölüm","27.02.2022"
"Sadakat: 1. Sezon: 4. Bölüm","27.02.2022"
"Sadakat: 1. Sezon: 3. Bölüm","27.02.2022"
"Sadakat: 1. Sezon: 2. Bölüm","27.02.2022"
"Sadakat: 1. Sezon: 1. Bölüm","27.02.2022"
"Outlander: 1. Sezon: Toplanma","16.02.2022"
"The Woman in the House Across the Street from the Girl in the Window: Mini Dizi: 1. Bölüm","10.02.2022"
"Yenilik Tutkusu","28.01.2022"
"Bridgerton: 1. Sezon: Şok ve Haz","28.01.2022"
"Ozark: 1. Sezon: Ruth’un Kitabı","28.01.2022"
"Münih: Savaş Yaklaşıyor","27.01.2022"
"The Spy: Mini Dizi: Göçmen","26.01.2022"
"Rising High","26.01.2022"
"Bir Gangstere Nasıl Aşık Oldum?","26.01.2022"
"The Journalist: 1. Sezon: 1. Bölüm","23.01.2022"
"Archive 81: 1. Sezon: Gizemli Sinyaller","22.01.2022"
"After Life: 1. Sezon: 4. Bölüm","15.01.2022"
"Pervasız","15.01.2022"
"Alias Grace: Mini Dizi: 2. Kısım","14.01.2022"
"The Blacklist: 1. Sezon: Anslo Garrick (No. 16): 2. Kısım","14.01.2022"
"Sevgilimden Son Mektup","09.01.2022"
"Geçmişle Dans: Mini Dizi: 1. Bölüm","09.01.2022"
"Benim Adım Yara","09.01.2022"
"Sır: Hayal Etmekten Korkma","09.01.2022"
"Sahtekar","09.01.2022"
"Ritim Bölümü","08.01.2022"
"The Defeated: 1. Sezon: Edmund'un Erkek Kardeşi","08.01.2022"
"Dört Dörtlük Buluşma","08.01.2022"
"Tehlikeli Güzellik","08.01.2022"
"Unbelievable: Mini Dizi: 4. Bölüm","08.01.2022"
"Ginny & Georgia: 1. Sezon: Pilot Bölüm","05.01.2022"
"Lilyhammer: 1. Sezon: Flamingo","05.01.2022"
"Maniac: Mini Dizi: Seçilmiş Kişi","05.01.2022"
"Suits: 1. Sezon: İç Kulvar","05.01.2022"
"Aşk Planı: 2. Sezon: B Planı","05.01.2022"
"Anxious People: Mini Dizi: Açık Ev","03.01.2022"
"Clickbait: Mini Dizi: Muhabir","03.01.2022"
"Yırtıcı Kuşlar (Ve Muhteşem Harley Quinn)","03.01.2022"
"Saka Kuşu","02.01.2022"
"The End of the F***ing World: 1. Sezon: 4. Bölüm","02.01.2022"
"The Chestnut Man: 1. Sezon: 3. Bölüm","02.01.2022"
"Olanlar Oldu","01.01.2022"
"Bordertown: Duvardaki Sır","01.01.2022"
"Aşk Uykusu","01.01.2022"
"Kardaki İzler","01.01.2022"
"Dünyadan Haberler","01.01.2022"
"Twice Upon A Time: Mini Dizi: Seni Seviyorum","29.12.2021"
"The Unlikely Murderer: Mini Dizi: 1. Bölüm","29.12.2021"
"The Duchess: 1. Sezon: 1. Bölüm","29.12.2021"
"La enfermedad del domingo","26.12.2021"
"Collateral: Mini Dizi: 1. Bölüm","26.12.2021"
"Seven Seconds: Mini Dizi: Ölüm Kalım Meseleleri","26.12.2021"
"Umut Işığım","26.12.2021"
"Akıl Oyunları","26.12.2021"
"White Lines: 1. Sezon: 4. Bölüm","26.12.2021"
"White Lines: 1. Sezon: 3. Bölüm","26.12.2021"
"MINDHUNTER: 1. Sezon: 4. Bölüm","26.12.2021"
"Spotless: 1. Sezon: 9. Bölüm","26.12.2021"
"Spotless: 1. Sezon: 8. Bölüm","26.12.2021"
"Spotless: 1. Sezon: 7. Bölüm","26.12.2021"
"Spotless: 1. Sezon: 6. Bölüm","25.12.2021"
"Spotless: 1. Sezon: 5. Bölüm","25.12.2021"
"Spotless: 1. Sezon: 4. Bölüm","25.12.2021"
"Spotless: 1. Sezon: 3. Bölüm","24.12.2021"
"Spotless: 1. Sezon: 2. Bölüm","24.12.2021"
"The Girl from Oslo: 1. Sezon: 3. Bölüm","22.12.2021"
"The Girl from Oslo: 1. Sezon: 2. Bölüm","22.12.2021"
"The Girl from Oslo: 1. Sezon: 1. Bölüm","22.12.2021"
"Emily in Paris: 1. Sezon: Sahte Arkadaşlar","19.12.2021"
"Cesaretin Var Mı?: 1. Sezon: Kayıtsız Şartsız Teslimiyet","19.12.2021"
"Richard Jewell","19.12.2021"
"What We Wanted","19.12.2021"
"The Power of the Dog","18.12.2021"
"Downton Abbey: 1. Seri: 4. Bölüm","18.12.2021"
"Downton Abbey: 1. Seri: 3. Bölüm","18.12.2021"
"Kaliforniya'da Noel: Şehir Işıkları","18.12.2021"
"StartUp: 1. Sezon: Melek Yatırımcı","18.12.2021"
"StartUp: 1. Sezon: Kavram Kanıtı","18.12.2021"
"StartUp: 1. Sezon: Zemin Kat","16.12.2021"
"The Hand of God","15.12.2021"
"Gloria Bell","14.12.2021"
"Cesaretin Var Mı?: 1. Sezon: Karşılıklı Garantili İmha","13.12.2021"
"Two","13.12.2021"
"The Unforgivable","12.12.2021"
"Cesaretin Var Mı?: 1. Sezon: Darbe","07.12.2021"
"Downton Abbey: 1. Seri: 2. Bölüm","07.12.2021"
"Teenage Bounty Hunters: 1. Sezon: Babamızın Kamyoneti","07.12.2021"
"Orange Is the New Black: 1. Sezon: Deliyle Deli Olma","05.12.2021"
"Gilmore Girls: 1. Sezon: Chilton'daki İlk Gün","05.12.2021"
"Insatiable: 1. Sezon: ÇAYD","05.12.2021"
"","05.12.2021"
"The Last Kingdom: 1. Sezon: 1. Bölüm","03.12.2021"
"The Billion Dollar Code: Mini Dizi: 1. Bölüm","03.12.2021"
"Northern Rescue: 1. Sezon: Hayat Limon Veriyorsa Limonata Yap","03.12.2021"
"Sweet Magnolias: 1. Sezon: Ağız Birliği","03.12.2021"
"Gözlerinin Ardında: Mini Dizi: İlk Kapı","01.12.2021"
"The Last Word: 1. Sezon: 1. Bölüm","01.12.2021"
"Traitors: 1. Sezon: Hugh","01.12.2021"
"Ratched: 1. Sezon: Buz Kıracağı","01.12.2021"
"Bridgerton: 1. Sezon: Birinci Sınıf Elmas","01.12.2021"
"Amerika'nın Nazileri Sorguladığı Gizli Kamp","01.12.2021"
"Bruised","01.12.2021"
"Jack Reacher: Asla Geri Dönme","01.12.2021"
"Elfler: 1. Sezon: Aarmand Adası","01.12.2021"
"Birgit Meier'a Ne Oldu?: Mini Dizi: 1. Bölüm","01.12.2021"
"Halston: Mini Dizi: Versay","01.12.2021"
"Oktoberfest: Beer & Blood: Mini Dizi: Sevgi ve Para","01.12.2021"
"Below Deck Mediterranean: 1. Sezon: Ön Tanıtım Bölümü","01.12.2021"
"The Politician: 1. Sezon: Harrington Komodini","01.12.2021"
"Emily in Paris: 1. Sezon: Sadece Bir Öpücük","30.11.2021"
"The Blacklist: 1. Sezon: Anslo Garrick (No. 16): 1. Kısım","30.11.2021"
"True Story: Mini Dizi: No. 1: Kahkahalar Kralı","30.11.2021"
"Bitter Daisies: 1. Sezon: Dumanın havada bıraktığı iz","30.11.2021"
"The Good Doctor: 1. Sezon: Yanmış Yemek","30.11.2021"
"Benim Güzel Noel Şatom","30.11.2021"
"Aşk Planı: 2. Sezon: Lama Planı","28.11.2021"
"Aşk Planı: 2. Sezon: Eve Dönüş Planı","28.11.2021"
"Kulüp: 1. Sezon: 6. Bölüm","28.11.2021"
"Tehlikeli Oyun: 1. Sezon: Neyin Var Senin?","28.11.2021"
"Requiem: 1. Sezon: Matilda","28.11.2021"
"Hellbound: 1. Sezon: 1. Bölüm","28.11.2021"
"Seni Unutma Zamanı: 1. Sezon: Günümüzde İki Dakika, Geçmişte Dokuz Dakika","28.11.2021"
"Seni Unutma Zamanı: 1. Sezon: Günümüzde Bir Dakika, Geçmişte On Dakika","28.11.2021"
"Bir Gün","28.11.2021"
"Borgen: 2. Sezon: 5. Bölüm","27.11.2021"
"On Becoming a God in Central Florida: 1. Sezon: Felaket Tellalı","27.11.2021"
"Russian Doll: 1. Sezon: Bu Dünyada Hiçbir Şey Kolay Değil","27.11.2021"
"Love & Anarchy: 1. Sezon: Kitap Fuarı","22.11.2021"
"Red Notice","22.11.2021"
"Öldürme Arzusu","20.11.2021"
"Love Hard","20.11.2021"
"Emily in Paris: 1. Sezon: Seksi mi, Cinsiyetçi mi?","20.11.2021"
"Emily in Paris: 1. Sezon: Maskulen Feminen","19.11.2021"
"Kulüp: 1. Sezon: 5. Bölüm","18.11.2021"
"Kulüp: 1. Sezon: 4. Bölüm","18.11.2021"
"Kulüp: 1. Sezon: 3. Bölüm","18.11.2021"
"Kulüp: 1. Sezon: 2. Bölüm","18.11.2021"
"Kulüp: 1. Sezon: 1. Bölüm","18.11.2021"
"Dark Desire: 1. Sezon: Aşk... O Kelime...","17.11.2021"
"Dark Desire: 1. Sezon: İnsanların Aşk Dediği Şey","17.11.2021"
"İyi ki Yapmışım","17.11.2021"
"Öksüz Brooklyn","17.11.2021"
"Kin","16.11.2021"
"On the Verge: 1. Sezon: Büyük Hapşırık","16.11.2021"
"The Fall: 3. Sezon: Sessizlik ve Acı","15.11.2021"
"The Fall: 2. Sezon: İçimdeki Karanlık Aydınlandı","15.11.2021"
"The Fall: 2. Sezon: Tehlikeli Mücadele","15.11.2021"
"The Fall: 2. Sezon: Zihin Kendine Mahkum","14.11.2021"
"The Fall: 2. Sezon: Güzelliğin Gücü","14.11.2021"
"The Fall: 2. Sezon: Gece Sokaklara Çökünce","14.11.2021"
"The Fall: 2. Sezon: Nafile İnkarlar","14.11.2021"
"The Fall: 1. Sezon: Sonsuz Cehennem","13.11.2021"
"The Fall: 1. Sezon: Dilimde Bir Şarkı","13.11.2021"
"The Fall: 1. Sezon: Aşağılama ve Şarap","13.11.2021"
"Greenleaf: 1. Sezon: Yaşam Mücadelesi","13.11.2021"
"Pose: 1. Sezon: Pilot Bölüm","13.11.2021"
"Mytho: 1. Sezon: 3. Bölüm","01.11.2021"
"Beş Kat İntikam: 1. Sezon: Federico","01.11.2021"
"Beş Kat İntikam: 1. Sezon: 30 Gün","30.10.2021"
"Beş Kat İntikam: 1. Sezon: B Planı","28.10.2021"
"Beş Kat İntikam: 1. Sezon: Sırlar Asla Unutulup Gitmez","28.10.2021"
"Fi: 1. Sezon: 2. Bölüm","26.10.2021"
"Bridgerton: 1. Sezon: Yağmurun Ardından","26.10.2021"
"Bridgerton: 1. Sezon: Ayrı Dünyalar","26.10.2021"
"Bridgerton: 1. Sezon: Hışırtı","26.10.2021"
"Bridgerton: 1. Sezon: Yüreğe Söz Geçmiyor","26.10.2021"
"Bridgerton: 1. Sezon: Namus Meselesi","26.10.2021"
"Beş Kat İntikam: 1. Sezon: %98","25.10.2021"
"Hakan: Muhafız: 3. Sezon: 1. Bölüm","20.10.2021"
"Babam","20.10.2021"
"My Name: 1. Sezon: 8. Bölüm","20.10.2021"
"My Name: 1. Sezon: 7. Bölüm","20.10.2021"
"My Name: 1. Sezon: 6. Bölüm","20.10.2021"
"My Name: 1. Sezon: 5. Bölüm","20.10.2021"
"My Name: 1. Sezon: 4. Bölüm","20.10.2021"
"My Name: 1. Sezon: 3. Bölüm","20.10.2021"
"My Name: 1. Sezon: 2. Bölüm","20.10.2021"
"My Name: 1. Sezon: 1. Bölüm","20.10.2021"
"Beş Kat İntikam: 1. Sezon: Artçı Sarsıntılar","20.10.2021"
"The End of the F***ing World: 1. Sezon: 3. Bölüm","20.10.2021"
"The Chestnut Man: 1. Sezon: 2. Bölüm","10.10.2021"
"The Chestnut Man: 1. Sezon: 1. Bölüm","10.10.2021"
"Maid: Mini Dizi: Ucuzluk Mağazası","09.10.2021"
"Downton Abbey","05.10.2021"
"Kalbimin Sesi","05.10.2021"
"Kefernahum","04.10.2021"
"Hayat Güzeldir","04.10.2021"
"Il processo: 1. Sezon: 5. Bölüm","03.10.2021"
"Unbelievable: Mini Dizi: 3. Bölüm","03.10.2021"
"The Mire: The Mire 1997: 1. Bölüm","03.10.2021"
"Aşk Sarhoşu","03.10.2021"
"Cold Mountain","03.10.2021"
"Trapped: 2. Sezon: 1. Bölüm","03.10.2021"
"Trapped: 1. Sezon: 10. Bölüm","03.10.2021"
"Trapped: 1. Sezon: 9. Bölüm","01.10.2021"
"Trapped: 1. Sezon: 8. Bölüm","26.09.2021"
"Trapped: 1. Sezon: 7. Bölüm","26.09.2021"
"Trapped: 1. Sezon: 6. Bölüm","26.09.2021"
"Trapped: 1. Sezon: 5. Bölüm","25.09.2021"
"Ev Baskını","25.09.2021"
"Trapped: 1. Sezon: 4. Bölüm","25.09.2021"
"Trapped: 1. Sezon: 3. Bölüm","25.09.2021"
"Cennetten Mucizeler","23.09.2021"
"Open Your Eyes: 1. Sezon: 1. Bölüm","21.09.2021"
"On the Verge: 1. Sezon: Yaşasın İtalya!","20.09.2021"
"On the Verge: 1. Sezon: Neredeyse İki Ay Önce","20.09.2021"
"The Fall: 1. Sezon: Görülür Karanlık","20.09.2021"
"The Fall: 1. Sezon: Saldırı","20.09.2021"
"Trapped: 1. Sezon: 2. Bölüm","20.09.2021"
"Trapped: 1. Sezon: 1. Bölüm","19.09.2021"
"Marcella: 1. Sezon: 8. Bölüm","19.09.2021"
"The Chair: 1. Sezon: Berbat Bir Espri","19.09.2021"
"Kate","19.09.2021"
"The Defeated: 1. Sezon: İlk Numara","18.09.2021"
"Traitors: 1. Sezon: Feef","18.09.2021"
"Kefaret","18.09.2021"
"Kayıp Kız","17.09.2021"
"Bataklık: Mini Dizi: Maja","17.09.2021"
"Downton Abbey: 1. Seri: 1. Bölüm","17.09.2021"
"Kokain Sahili: 1. Sezon: No. 1: 1981","13.09.2021"
"Fokus","13.09.2021"
"Çizgili Pijamalı Çocuk","09.09.2021"
"Clickbait: Mini Dizi: Metres","09.09.2021"
"Clickbait: Mini Dizi: Eş","09.09.2021"
"Clickbait: Mini Dizi: Dedektif","09.09.2021"
"Clickbait: Mini Dizi: Kız Kardeş","09.09.2021"
"The Cook of Castamar: 1. Sezon: Ana Malzeme","06.09.2021"
"Güvenlik","04.09.2021"
"Valeria: 1. Sezon: Bay Champi","28.08.2021"
"İhanetin Beş Yüzü: Mini Dizi: Nora","22.08.2021"
"İhanetin Beş Yüzü: Mini Dizi: Daco","22.08.2021"
"Böyle İyiyiz: 1. Sezon: Ortiburcio","22.08.2021"
"Sky Rojo: 1. Sezon: Kırmızı Deri Koltuk","21.08.2021"
"Brand New Cherry Flavor: Mini Dizi: Ben Varım","17.08.2021"
"İhanetin Beş Yüzü: Mini Dizi: Inès","14.08.2021"
"İhanetin Beş Yüzü: Mini Dizi: Guillaume","14.08.2021"
"Hit & Run: 1. Sezon: Dostlar ve Düşmanlar","11.08.2021"
"Hit & Run: 1. Sezon: Aşk ve Kayıp","11.08.2021"
"Hit & Run: 1. Sezon: Vur ve Kaç","11.08.2021"
"Generazione 56k: 1. Sezon: Randevu","25.07.2021"
"Élite: 3. Sezon: Carla","22.07.2021"
"Valeria: 1. Sezon: Çöplük","18.07.2021"
"Valeria: 1. Sezon: Alaska","18.07.2021"
"Senin İçin Çıldırıyorum","10.07.2021"
"Tiny Pretty Things: 1. Sezon: Beden","10.07.2021"
"Kimsin Sen?","10.07.2021"
"Too Hot to Handle: 2. Sezon: Sevişmemize Bir Koni Engel Oldu","10.07.2021"
"Sex/Life: 1. Sezon: Gizli Yerimiz","04.07.2021"
"Sex/Life: 1. Sezon: Banliyölerin Sesi","04.07.2021"
"Sex/Life: 1. Sezon: Yeni New York","04.07.2021"
"Sex/Life: 1. Sezon: Geçmişin Gölgesinde","04.07.2021"
"Malèna","04.07.2021"
"Sex/Life: 1. Sezon: Gece Yarısı Metro İstasyonunda","04.07.2021"
"Küçük Bir Rica","03.07.2021"
"Sex/Life: 1. Sezon: Eşler Connecticut'ta","02.07.2021"
"Gümüş Patenler","26.06.2021"
"Acı Tatlı Ekşi","21.06.2021"
"The Bold Type: 1. Sezon: Pilot Bölüm","19.06.2021"
"The Real Housewives of New York City: 3. Sezon: Yeni İttifaklar","19.06.2021"
"Kıyamet Günü","19.06.2021"
"Feel Good: 1. Sezon (Channel 4): Bölüm 3","19.06.2021"
"Seven Seconds: Mini Dizi: Brenton'ın Nefesi","19.06.2021"
"StartUp: 1. Sezon: Başlangıç Parası","19.06.2021"
"Women of the Night: 1. Sezon: Yalanın Dozunu Kaçırmak","12.06.2021"
"Signs: 1. Sezon: Bölüm 1","12.06.2021"
"Navillera: 1. Sezon: 12. Bölüm","07.06.2021"
"Navillera: 1. Sezon: 11. Bölüm","07.06.2021"
"Navillera: 1. Sezon: 10. Bölüm","07.06.2021"
"Navillera: 1. Sezon: 9. Bölüm","07.06.2021"
"Navillera: 1. Sezon: 8. Bölüm","07.06.2021"
"Navillera: 1. Sezon: 7. Bölüm","07.06.2021"
"Navillera: 1. Sezon: 6. Bölüm","07.06.2021"
"Navillera: 1. Sezon: 5. Bölüm","07.06.2021"
"Navillera: 1. Sezon: 4. Bölüm","07.06.2021"
"Navillera: 1. Sezon: 3. Bölüm","07.06.2021"
"Navillera: 1. Sezon: 2. Bölüm","06.06.2021"
"Desenfrenadas: 1. Sezon: Defolup gitmek istiyorum","06.06.2021"
"Feel Good: 1. Sezon (Channel 4): Bölüm 2","06.06.2021"
"Navillera: 1. Sezon: 1. Bölüm","05.06.2021"
"Feel Good: 1. Sezon (Channel 4): Bölüm 1","05.06.2021"
"After","05.06.2021"
"Club de Cuervos: 1. Sezon: Takımın Kaptanı Kim Olsun?","05.06.2021"
"Piskoposun Odası","05.06.2021"
"Women of the Night: 1. Sezon: Günahların En Küçüğü","02.06.2021"
"The Kominsky Method: 1. Sezon: Bölüm 4: Bir Kegel Ciyaklar","29.05.2021"
"The Kominsky Method: 1. Sezon: Bölüm 3: Bir Prostat Büyür","29.05.2021"
"Trial by Fire","23.05.2021"
"Sen Hiç Aya Gittin mi?","22.05.2021"
"Fatma: 1. Sezon: Analar ve Oğulları","22.05.2021"
"Fatma: 1. Sezon: Yüzüme Bak","22.05.2021"
"Fatma: 1. Sezon: Toz","22.05.2021"
"Fatma: 1. Sezon: Yer Çekimi","22.05.2021"
"Ferry","22.05.2021"
"Greenleaf: 1. Sezon: Kapalı Kapılar Ardında","15.05.2021"
"Sexify: 1. Sezon: 1. Bölüm","15.05.2021"
"La Reina del Sur: 2. Sezon: 2. Bölüm","15.05.2021"
"Annemle Yollarda","15.05.2021"
"Penceredeki Kadın","15.05.2021"
"Boca a Boca: 1. Sezon: yakalandın!","15.05.2021"
"Halston: Mini Dizi: Halston Olmak","15.05.2021"
"New Amsterdam: 1. Sezon: Pilot Bölüm","11.05.2021"
"Isi & Ossi","11.05.2021"
"Bir Yıldız Doğuyor","11.05.2021"
"Gözlerinin Ardında: Mini Dizi: Bilinçli Rüyalar","11.05.2021"
"Jugar con fuego: 1. Sezon: Doyumsuz Fabrizio","09.05.2021"
"Bridgerton: 1. Sezon: Ayılıp Bayılma Sanatı","09.05.2021"
"Ingobernable: 1. Sezon: Ölüm Sebebi","09.05.2021"
"Ingobernable: 1. Sezon: Alternatif Gerçek","09.05.2021"
"Ingobernable: 1. Sezon: Söz","09.05.2021"
"Dark: 1. Sezon: Yol Ayrımı","09.05.2021"
"Iris'e Ne Oldu?","09.05.2021"
"Black Mirror: 4. Sezon: Black Museum","09.05.2021"
"Yetkisiz Bir Hayat: 1. Sezon: 6. Bölüm","08.05.2021"
"Yetkisiz Bir Hayat: 1. Sezon: 5. Bölüm","08.05.2021"
"Yetkisiz Bir Hayat: 1. Sezon: 4. Bölüm","08.05.2021"
"Ratched: 1. Sezon: Pilot Bölüm","08.05.2021"
"The Valhalla Murders: 1. Sezon: Görülmemiş Şey","08.05.2021"
"The Mire: Bölüm 5","07.05.2021"
"The Mire: Bölüm 4","07.05.2021"
"La Mante: 1. Sezon: 2. Bölüm","06.05.2021"
"The Mire: Bölüm 3","04.05.2021"
"Pieces of a Woman","04.05.2021"
"El desorden que dejas: Mini Dizi: Üçe Kadar Say","02.05.2021"
"Parazit","02.05.2021"
"The English Game: 1. Sezon: Bölüm 1","02.05.2021"
"Şantaj: Mini Dizi: 1. Bölüm","02.05.2021"
"Kiss & Cry","02.05.2021"
"6 Years","02.05.2021"
"MILF","02.05.2021"
"The Queen's Gambit: Mini Dizi: Değişimler","02.05.2021"
"Crime Diaries: Night Out: 1. Sezon: Bir Annenin Adalet Arayışı","02.05.2021"
"Nero a metà: 1. Sezon: Dış Görünüş Yanıltabilir: Kısım 1","01.05.2021"
"The Mire: Bölüm 2","01.05.2021"
"The Mire: Bölüm 1","01.05.2021"
"Midas'ın Müritleri: Mini Dizi: Şans","01.05.2021"
"The Chosen One: 1. Sezon: Ölüm Misyonerleri","29.04.2021"
"El Dragón: Return of a Warrior: 1. Sezon: 2. Bölüm","28.04.2021"
"Ölümcül Masumiyet","28.04.2021"
"Someone Has to Die: Mini Dizi: Güvercini Sal","27.04.2021"
"Monarca: 1. Sezon: Taht Kavgası","26.04.2021"
"The Post","25.04.2021"
"White Lines: 1. Sezon: 2. Bölüm","25.04.2021"
"Enola Holmes","25.04.2021"
"Unorthodox: Mini Dizi: 2. Kısım","25.04.2021"
"The Spy: Mini Dizi: Ev","25.04.2021"
"Fauda: 1. Sezon: 1. Bölüm","25.04.2021"
"Aşk ve İsyan","24.04.2021"
"Unbelievable: Mini Dizi: 2. Bölüm","24.04.2021"
"Snabba Cash: Kolay Para: 1. Sezon: O Adama Güven Olmaz","24.04.2021"
"Madam Claude","24.04.2021"
"Suburra: 1. Sezon: Afiyet Olsun","24.04.2021"
"Suburra: 1. Sezon: Kuduz Köpekler","24.04.2021"
"Shtisel: 1. Sezon: 2. Bölüm","23.04.2021"
"Denemeye Değer","23.04.2021"
"Şikago Yedilisi'nin Yargılanması","22.04.2021"
"Good Morning, Verônica: 1. Sezon: Kutunun İçinde","21.04.2021"
"Enrico Piaggio: Vespa Efsanesi","21.04.2021"
"Kapı","21.04.2021"
"House of Cards: 6. Sezon: No. 71","11.04.2021"
"House of Cards: 6. Sezon: No. 70","11.04.2021"
"Sen Hiç Ateş Böceği Gördün mü?","11.04.2021"
"Who Killed Sara?: 1. Sezon: İki Mezar","11.04.2021"
"Who Killed Sara?: 1. Sezon: Dünya Yanarken","10.04.2021"
"Who Killed Sara?: 1. Sezon: Hayaller Gerçeğe Dönüştüğünde","10.04.2021"
"The Serpent: Mini Dizi: 1. Bölüm","09.04.2021"
"Who Killed Sara?: 1. Sezon: Korku ve Pişmanlık","08.04.2021"
"Who Killed Sara?: 1. Sezon: Av ve Avcı","08.04.2021"
"Kağıttan Hayatlar","07.04.2021"
"Kaçakçı","04.04.2021"
"Kardeş Gibiydiler","04.04.2021"
"Control Z: 1. Sezon: Doğum Günü Kızı","03.04.2021"
"Country Comfort: 1. Sezon: Ayrılığın Ardından","03.04.2021"
"MANK","03.04.2021"
"The Irregulars: 1. Sezon: No. 1: Londra'da Bir Tehdit","03.04.2021"
"Virgin River: 1. Sezon: Ateş Altında","03.04.2021"
"A Fall from Grace","03.04.2021"
"Who Killed Sara?: 1. Sezon: Hayat Sigortası","28.03.2021"
"Who Killed Sara?: 1. Sezon: Ailedeki Canavar","28.03.2021"
"Who Killed Sara?: 1. Sezon: Sevgiler, Sara","27.03.2021"
"Who Killed Sara?: 1. Sezon: Kötü İnsanlar","26.03.2021"
"Who Killed Sara?: 1. Sezon: Bu Bir Hata Değildi","26.03.2021"
"Ozark: 1. Sezon: Hâkim Günler","21.03.2021"
"Ozark: 1. Sezon: Bu Gece Doğaçlama Yapıyoruz","21.03.2021"
"Hillbilly Elegy","21.03.2021"
"Undercover: 1. Sezon: Sirenler","21.03.2021"
"Undercover: 1. Sezon: Sınırı Geçmek","20.03.2021"
"H: 1. Sezon: H'li Helena","20.03.2021"
"H: 1. Sezon: Atlıkarınca","20.03.2021"
"H: 1. Sezon: Marsilya","20.03.2021"
"H: 1. Sezon: İntikam","17.03.2021"
"H: 1. Sezon: Ölüm Öpücüğü","14.03.2021"
"H: 1. Sezon: Maç","14.03.2021"
"Lost Girls","13.03.2021"
"H: 1. Sezon: İlk İş","13.03.2021"
"Sweet Magnolias: 1. Sezon: Rahatla","13.03.2021"
"Sessiz Kabus","13.03.2021"
"Çakal","13.03.2021"
"Yetkisiz Bir Hayat: 1. Sezon: 3. Bölüm","13.03.2021"
"Aşk 101: 1. Sezon: Hayranlık","13.03.2021"
"Şeytanın Aşkı","11.03.2021"
"Aşk Tesadüfleri Sever 2","07.03.2021"
"Yıldızlararası","07.03.2021"
"Ateşböceği Yolu: 1. Sezon: Ah! Güzel Bir Şey","07.03.2021"
"Aşk²","07.03.2021"
"4. Duruşma: Mini Dizi: No. 1: İnfaz Gibi Cinayet","07.03.2021"
"The Eddy: Mini Dizi: Elliot","07.03.2021"
"Marseille: 1. Sezon: Beyin Yıkama","06.03.2021"
"Kadın Kokusu","06.03.2021"
"Devlet Oyunları","06.03.2021"
"Borgen: 2. Sezon: 4. Bölüm","04.03.2021"
"Borgen: 2. Sezon: 3. Bölüm","04.03.2021"
"Borgen: 2. Sezon: 2. Bölüm","04.03.2021"
"Borgen: 2. Sezon: 1. Bölüm","04.03.2021"
"Borgen: 1. Sezon: 10. Bölüm","04.03.2021"
"Borgen: 1. Sezon: 9. Bölüm","04.03.2021"
"Borgen: 1. Sezon: 8. Bölüm","04.03.2021"
"Borgen: 1. Sezon: 7. Bölüm","04.03.2021"
"Borgen: 1. Sezon: 6. Bölüm","04.03.2021"
"Borgen: 1. Sezon: 5. Bölüm","04.03.2021"
"Borgen: 1. Sezon: 4. Bölüm","04.03.2021"
"Borgen: 1. Sezon: 3. Bölüm","04.03.2021"
"Borgen: 1. Sezon: 2. Bölüm","02.03.2021"
"Uyanışlar","01.03.2021"
"El Chapo: 1. Sezon: 1. Bölüm","28.02.2021"
"Yeşil Rehber","28.02.2021"
"Vivir dos veces","28.02.2021"
"The Sinner: 3. Sezon: Jamie: Kısım IV","27.02.2021"
"The Sinner: 3. Sezon: Jamie: Kısım III","27.02.2021"
"The Great Heist: Mini Dizi: Dünyadaki Tüm Paralar Bile","27.02.2021"
"The Great Heist: Mini Dizi: Lanetli Para","27.02.2021"
"The Great Heist: Mini Dizi: Valledupar'dan Kaçış","26.02.2021"
"The Great Heist: Mini Dizi: Ekipman","25.02.2021"
"The Great Heist: Mini Dizi: Ekip","25.02.2021"
"The Great Heist: Mini Dizi: Çok Büyük Bir Proje","24.02.2021"
"Versailles: 2. Sezon: 2. Bölüm","24.02.2021"
"Versailles: 2. Sezon: 1. Bölüm","24.02.2021"
"Versailles: 1. Sezon: 10. Bölüm","24.02.2021"
"Versailles: 1. Sezon: 9. Bölüm","24.02.2021"
"Versailles: 1. Sezon: 8. Bölüm","24.02.2021"
"Versailles: 1. Sezon: 7. Bölüm","24.02.2021"
"Versailles: 1. Sezon: 6. Bölüm","24.02.2021"
"Versailles: 1. Sezon: 5. Bölüm","24.02.2021"
"Versailles: 1. Sezon: 4. Bölüm","24.02.2021"
"Versailles: 1. Sezon: 3. Bölüm","24.02.2021"
"Versailles: 1. Sezon: 2. Bölüm","24.02.2021"
"Versailles: 1. Sezon: 1. Bölüm","23.02.2021"
"Gözlerinin Ardında: Mini Dizi: Tesadüfi Karşılaşmalar","21.02.2021"
"The Sinner: 3. Sezon: Jamie: Kısım II","20.02.2021"
"The Sinner: 3. Sezon: Jamie: Kısım I","20.02.2021"
"Rebellion: 1. Sezon: Hesap","17.02.2021"
"The Last Czars: Mini Dizi: Özel Amaçlı Ev","17.02.2021"
"The Last Czars: Mini Dizi: Devrim","17.02.2021"
"The Last Czars: Mini Dizi: Savaş","17.02.2021"
"The Last Czars: Mini Dizi: Anarşi","17.02.2021"
"The Last Czars: Mini Dizi: Oğul","16.02.2021"
"The Last Czars: Mini Dizi: Seçilmiş Kişi","16.02.2021"
"Seventeen","16.02.2021"
"Anne with an E: 1. Sezon: Kim Bir Gençten Daha Dikbaşlı Olabilir ki?","15.02.2021"
"Anne with an E: 1. Sezon: Ben Kuş Değilim, Hiçbir Ağ Beni Yakalayamaz","15.02.2021"
"The Stranger: Mini Dizi: 2. Bölüm","10.02.2021"
"Ateşböceği Yolu: 1. Sezon: Merhaba Sarı Tuğlalı Yol","06.02.2021"
"The Dig","30.01.2021"
"Perdida: 1. Sezon: Kaçış","30.01.2021"
"İçerideki Adam","30.01.2021"
"50M2: 1. Sezon: 1. Bölüm","30.01.2021"
"Çevirmen","30.01.2021"
"Perdida: 1. Sezon: Detaylar Önemlidir","24.01.2021"
"İki Anne, İki Kız: 1. Sezon: Taş, Kâğıt, Makas","24.01.2021"
"Lupin: 1. Kısım: No. 5","24.01.2021"
"Lupin: 1. Kısım: No. 4","24.01.2021"
"Lupin: 1. Kısım: No. 3","23.01.2021"
"Lupin: 1. Kısım: No. 2","23.01.2021"
"Black Spot: 1. Sezon: Kasabaya Bir Yabancı Gelir","23.01.2021"
"Sightless","23.01.2021"
"Can Dostum","19.01.2021"
"Unbelievable: Mini Dizi: 1. Bölüm","19.01.2021"
"Rose Adası'nın İnanılmaz Hikâyesi","19.01.2021"
"Equinox: 1. Sezon: Damarlarda Akan Kan","19.01.2021"
"Equinox: 1. Sezon: Sesler Duyuyorum","18.01.2021"
"Equinox: 1. Sezon: Her Şeyi Düzeltiyorum","18.01.2021"
"El desorden que dejas: Mini Dizi: Biliyorlar","17.01.2021"
"Lucifer: 1. Sezon: Pilot Bölüm","16.01.2021"
"Lupin: 1. Kısım: No. 1","15.01.2021"
"Harry Potter ve Zümrüdüanka Yoldaşlığı","14.01.2021"
"Azizler","12.01.2021"
"Bir Başkadır: 1. Sezon: 1. Bölüm","08.01.2021"
"Anna Karenina","08.01.2021"
"Boleyn Kızı","08.01.2021"
"Harry Potter ve Ateş Kadehi","08.01.2021"
"Perdida: 1. Sezon: Hain","08.01.2021"
"Monarca: 1. Sezon: Yas","08.01.2021"
"Ahtapottan Öğrendiklerim","07.01.2021"
"Prenses Diana'nın Kayıp Sırları","06.01.2021"
"2020 Bit Artık","05.01.2021"
"Harry Potter ve Azkaban Tutsağı","04.01.2021"
"Equinox: 1. Sezon: Uykunda Neler Görüyorsun?","03.01.2021"
"Equinox: 1. Sezon: Kız Gitti","03.01.2021"
"Equinox: 1. Sezon: Tekrar Gerçekleşecek","02.01.2021"
"Harry Potter ve Sırlar Odası","28.12.2020"
"American Crime Story: 1. Sezon: Rüya Takımı","27.12.2020"
"American Crime Story: 1. Sezon: Hayatının Koşusu","27.12.2020"
"American Crime Story: 1. Sezon: Trajedinin Ardından","27.12.2020"
"Perdida: 1. Sezon: Kavuşmalar","26.12.2020"
"","25.12.2020"
"Perdida: 1. Sezon: Teo","20.12.2020"
"The Story of Diana: 1. Sezon: 1. Kısım","20.12.2020"
"SIR","20.12.2020"
"The Good Place: 1. Sezon: Her Şey Yolunda","20.12.2020"
"Greenleaf: 1. Sezon: Onun Gerçek Yüzünü Göreceğiz","19.12.2020"
"The Hater","19.12.2020"
"The Crown: 4. Sezon: Savaş","16.12.2020"
"The Crown: 4. Sezon: Çığ","15.12.2020"
"The Crown: 4. Sezon: 48'e Karşı 1","15.12.2020"
"The Crown: 4. Sezon: Veraset Prensibi","13.12.2020"
"The Crown: 4. Sezon: Terra Nullius","13.12.2020"
"The Crown: 4. Sezon: Fagan","13.12.2020"
"The Crown: 4. Sezon: En Sevilenler","12.12.2020"
"The Crown: 4. Sezon: Peri Masalı","12.12.2020"
"El desorden que dejas: Mini Dizi: Aslanın İninde","12.12.2020"
"The Crown: 4. Sezon: Balmoral Testi","11.12.2020"
"The Crown: 4. Sezon: Altın Asa","09.12.2020"
"The Crown: 3. Sezon: Yürekten Haykırış","09.12.2020"
"The Crown: 1. Sezon: Windsor","09.12.2020"
"Bir Başkadır: 1. Sezon: 8. Bölüm","05.12.2020"
"The Crown: 1. Sezon: Hyde Park Corner","05.12.2020"
"9 Kere Leyla","05.12.2020"
"Perdida: 1. Sezon: Öngörülü Bir Adam","29.11.2020"
"Perdida: 1. Sezon: İspanyol","29.11.2020"
"Virgin River: 1. Sezon: Yaralı Bir Kalp","29.11.2020"
"Oktoberfest: Beer & Blood: Mini Dizi: Değişim İşaretleri","22.11.2020"
"Oktoberfest: Beer & Blood: Mini Dizi: Vizyon","22.11.2020"
"Ingobernable: 1. Sezon: Borçlar Geri Ödenmek İçindir","21.11.2020"
"Bir Başkadır: 1. Sezon: 7. Bölüm","20.11.2020"
"Bir Başkadır: 1. Sezon: 6. Bölüm","20.11.2020"
"Designated Survivor: 1. Sezon: Görev","19.11.2020"
"Designated Survivor: 1. Sezon: Düşman","19.11.2020"
"Undercover: 1. Sezon: Lejyon Bizim Vatanımızdır","19.11.2020"
"Dev","19.11.2020"
"Bir Başkadır: 1. Sezon: 5. Bölüm","18.11.2020"
"Bir Başkadır: 1. Sezon: 4. Bölüm","18.11.2020"
"Bir Başkadır: 1. Sezon: 3. Bölüm","16.11.2020"
"Bir Başkadır: 1. Sezon: 2. Bölüm","15.11.2020"
"Midas'ın Müritleri: Mini Dizi: İkilem","13.11.2020"
"İyi Adamlar","13.11.2020"
"Good Morning, Verônica: 1. Sezon: Günaydın Verônica","13.11.2020"
"Borgen: 1. Sezon: 1. Bölüm","13.11.2020"
"Alevlerin Ardından: Mini Dizi: 1. Bölüm","11.11.2020"
"Love & Anarchy: 1. Sezon: Kalıcı Bir İş","09.11.2020"
"Marseille: 1. Sezon: Timsah","09.11.2020"
"Love & Anarchy: 1. Sezon: Stream-Us","07.11.2020"
"Love & Anarchy: 1. Sezon: Şaşırt Beni","07.11.2020"
"Love & Anarchy: 1. Sezon: Her Şey Böyle Başladı","07.11.2020"
"Bronx","01.11.2020"
"Öldüren Tutku","01.11.2020"
"Holidate","01.11.2020"
"The Spy: Mini Dizi: Doğa Kanunu","31.10.2020"
"The Spy: Mini Dizi: Tuhaf Çiftler","31.10.2020"
"Yetkisiz Bir Hayat: 1. Sezon: 2. Bölüm","31.10.2020"
"Emily in Paris: 1. Sezon: Emily Paris'te","31.10.2020"
"The Haunting: Bly Malikânesi: Büyük ve İyi Bir Yer","30.10.2020"
"The Queen's Gambit: Mini Dizi: Açılışlar","29.10.2020"
"Rebecca","23.10.2020"
"The Blacklist: 1. Sezon: General Ludd (No. 109)","23.10.2020"
"Riphagen","21.10.2020"
"Òlòtūré","13.10.2020"
"Boyun Eğmez","13.10.2020"
"Marcella: 1. Sezon: 7. Bölüm","13.10.2020"
"Peaky Blinders: 1. Sezon: 4. Bölüm","11.10.2020"
"Peaky Blinders: 1. Sezon: 3. Bölüm","11.10.2020"
"Peaky Blinders: 1. Sezon: 2. Bölüm","11.10.2020"
"Vis a vis: 1. Sezon: Karşılıklı Çıkar Yok","11.10.2020"
"Eurovision Şarkı Yarışması: Fire Saga'nın Hikâyesi","11.10.2020"
"Keşif","11.10.2020"
"The Lovers","11.10.2020"
"Nerden Biliyorsun?","11.10.2020"
"Delidolu 2","11.10.2020"
"Vahşiler","11.10.2020"
"Criminal: Birleşik Krallık: 2. Sezon: Julia","10.10.2020"
"To the Lake: 1. Sezon: 1. Bölüm","10.10.2020"
"Stateless: Mini Dizi: Doğru Olan Şey","07.10.2020"
"Deadwind: 1. Sezon: Büyüme Sancıları","04.10.2020"
"Deadwind: 1. Sezon: Erkek Kardeş","04.10.2020"
"Deadwind: 1. Sezon: Kaçırılma","03.10.2020"
"Deadwind: 1. Sezon: Velinimet","30.09.2020"
"Deadwind: 1. Sezon: Parti","30.09.2020"
"Deadwind: 1. Sezon: Dul","30.09.2020"
"Stateless: Mini Dizi: Gizli","23.09.2020"
"Operation Finale","19.09.2020"
"Snowpiercer: 1. Sezon: Önce İklimler Değişti","19.09.2020"
"Hustlers","19.09.2020"
"Black Mirror: 4. Sezon: Metal Kafa","19.09.2020"
"Baby: 2. Sezon: #sadecebiroyun","19.09.2020"
"Sahtekar","13.09.2020"
"Her Şeyi Bitirmeyi Düşünüyorum","13.09.2020"
"Deli ve Dahi","13.09.2020"
"Dark: 1. Sezon: Sic Mundus Creatus Est","30.07.2020"
"Dark: 1. Sezon: Gerçekler","30.07.2020"
"Fırtına İçin Bir Kurban","30.07.2020"
"Dark: 1. Sezon: Çifte Yaşamlar","17.07.2020"
"Dark Desire: 1. Sezon: Tutku Dolu Son Bir Gece","15.07.2020"
"Dark Desire: 1. Sezon: Sadece Seks","15.07.2020"
"Trump: Bir Amerikan Rüyası: Mini Dizi: Manhattan","14.07.2020"
"The Old Guard","12.07.2020"
"Desperados","12.07.2020"
"365 Gün","12.07.2020"
"Stateless: Mini Dizi: Geliş Şartları","12.07.2020"
"Assassin's Creed","04.07.2020"
"Wasp Network","28.06.2020"
"Marcella: 1. Sezon: 6. Bölüm","28.06.2020"
"Yarına Tek Bilet","27.06.2020"
"She's Gotta Have It: 1. Sezon: #HavaAtışı (ÖĞRETİ)","27.06.2020"
"The Search: 1. Sezon: Harry Potter Yapmıştır","14.06.2020"
"Jeffrey Epstein: Korkunç Zengin: Mini Dizi: Parayı Takip Et","14.06.2020"
"Jeffrey Epstein: Korkunç Zengin: Mini Dizi: Av Sahası","14.06.2020"
"Fi: 1. Sezon: 1. Bölüm","06.06.2020"
"Queen of the South: 1. Sezon: Karanlıkta Açan Çiçek","31.05.2020"
"Queen of the South: 1. Sezon: Giriş Stratejisi","31.05.2020"
"Queen of the South: 1. Sezon: 40 Dakika","31.05.2020"
"Narcos: 1. Sezon: Simón Bolívar'ın Kılıcı","30.05.2020"
"White Lines: 1. Sezon: 1. Bölüm","30.05.2020"
"Örümceğin Maskesi","30.05.2020"
"Kadın Aklı Erkek Aklı","30.05.2020"
"Selling Sunset: 2. Sezon: Emlak Oyunları Başlasın","30.05.2020"
"Space Force: 1. Sezon: KALKIŞ","30.05.2020"
"Hollywood: 1. Sezon: Yaşasın Hollywood!","26.05.2020"
"Seni Seviyorum Aptal","26.05.2020"
"Criminal: Fransa: Mini Dizi: Émilie","26.05.2020"
"Designated Survivor: 1. Sezon: İtiraf","26.05.2020"
"Hanedan: 1. Sezon: Hayattaki En Güzel Şeyler","26.05.2020"
"Yakalandın!","25.05.2020"
"Soysuzlar Çetesi","25.05.2020"
"Manhunt: Unabomber: Ted","25.05.2020"
"Manhunt: Unabomber: Sığınak","25.05.2020"
"Manhunt: Unabomber: Yayınla Ya Da Yok Ol","24.05.2020"
"Senin Hikayen","24.05.2020"
"La casa de las flores: 1. Sezon: NERGİS (yalanın simgesi)","24.05.2020"
"The Blacklist: 1. Sezon: Frederick Barnes (No. 47)","24.05.2020"
"Suburra: 1. Sezon: Avam Takımı ve Asilzadeler","24.05.2020"
"Suburra: 1. Sezon: 21 Gün","24.05.2020"
"Kül Yutmaz","23.05.2020"
"The Spy: Mini Dizi: Şam'da Tek Başına","23.05.2020"
"Mançuryalı Aday","23.05.2020"
"Yanlış Missy","23.05.2020"
"Karanlık Kadrolar: Mini Dizi: 2. Bölüm","23.05.2020"
"Sara'nın Defteri","20.05.2020"
"The Imitation Game - Enigma","19.05.2020"
"Gece Saldırısı","19.05.2020"
"Güzelliğin Portresi","18.05.2020"
"Büyük Açık","18.05.2020"
"Karanlık Kadrolar: Mini Dizi: 1. Bölüm","18.05.2020"
"Yedek Polisler","18.05.2020"
"On My Skin","18.05.2020"
"Sessiz Kahraman","18.05.2020"
"Crime Diaries: Night Out: 1. Sezon: Karanlık Bir Cadılar Bayramı Gecesi","18.05.2020"
"18 Hediye","18.05.2020"
"Kuralları Boş Ver","18.05.2020"
"En Büyük Korku","18.05.2020"
"Valeria: 1. Sezon: İşaretler","18.05.2020"
"The Crown: 1. Sezon: Wolferton Splash","16.05.2020"
"Valeria: 1. Sezon: Taklitçi","16.05.2020"
"Marco Polo: 2. Sezon: Hepimizin Dünyası","16.05.2020"
"The Crown: 3. Sezon: Karışıklık","16.05.2020"
"Marco Polo: 2. Sezon: Varisler","15.05.2020"
"Marco Polo: 2. Sezon: Beyaz At","14.05.2020"
"The Crown: 3. Sezon: Boşlukta Sallanan Adam","13.05.2020"
"The Crown: 3. Sezon: Ay Tozu","13.05.2020"
"The Crown: 3. Sezon: Galler Prensi","12.05.2020"
"The Crown: 3. Sezon: Darbe","11.05.2020"
"Marco Polo: 2. Sezon: Kayıp Turna","10.05.2020"
"The Crown: 3. Sezon: Bubbikins","10.05.2020"
"Dead to Me: 1. Sezon: Dürüst Olmalıyım","10.05.2020"
"Aşka İki Hafta","10.05.2020"
"The Crown: 3. Sezon: Aberfan","09.05.2020"
"The Crown: 3. Sezon: Margaretoloji","09.05.2020"
"The Photographer Of Mauthausen","09.05.2020"
"Silsile","09.05.2020"
"Üç Gün","09.05.2020"
"Phantom Thread","09.05.2020"
"Mrs. Serial Killer","09.05.2020"
"The Crown: 3. Sezon: Olding","09.05.2020"
"The Crown: 2. Sezon: Esrarengiz Adam","09.05.2020"
"The Crown: 2. Sezon: Paterfamilias","08.05.2020"
"The Crown: 2. Sezon: Sayın Bayan Kennedy","08.05.2020"
"The Crown: 2. Sezon: Matrimonium","07.05.2020"
"The Crown: 2. Sezon: Vergangenheit","07.05.2020"
"The Crown: 2. Sezon: Kuklalar","04.05.2020"
"The Crown: 2. Sezon: Beryl","04.05.2020"
"The Crown: 2. Sezon: Lizbon","03.05.2020"
"The Crown: 2. Sezon: Sadece Erkekler","03.05.2020"
"Get In","03.05.2020"
"Marco Polo: 2. Sezon: Yılanın Koşulları","03.05.2020"
"Marco Polo: 2. Sezon: Ninni","03.05.2020"
"Ocean's 8","03.05.2020"
"Özgürlüğün Elli Tonu","03.05.2020"
"The Crown: 2. Sezon: Talihsiz Bir Karar","02.05.2020"
"The Crown: 1. Sezon: Gloriana","02.05.2020"
"Rich in Love","02.05.2020"
"She: 1. Sezon: Tavlama","02.05.2020"
"Gerçek Dedikodu","02.05.2020"
"Extraction","02.05.2020"
"The Crown: 1. Sezon: Suikastçılar","01.05.2020"
"The Crown: 1. Sezon: Gurur ve Neşe","01.05.2020"
"Marco Polo: 2. Sezon: Tanrı'nın İşi Başlasın","01.05.2020"
"Marco Polo: 2. Sezon: Büyük Tedbir","01.05.2020"
"Dangerous Lies","01.05.2020"
"After Life: 1. Sezon: 3. Bölüm","01.05.2020"
"The Crown: 1. Sezon: Bilgi Kudrettir","01.05.2020"
"En Karanlık Saat","01.05.2020"
"The Crown: 1. Sezon: Dinamit Lokumu","28.04.2020"
"The Crown: 1. Sezon: Göz Boyama","28.04.2020"
"Kızıl Ejder","26.04.2020"
"The Crown: 1. Sezon: Doğal Afet","26.04.2020"
"Elizabeth","25.04.2020"
"Büyük Aldatmaca","25.04.2020"
"The Plagues of Breslau","25.04.2020"
"Aşk 101: 1. Sezon: İlk An","25.04.2020"
"Kıyamet Yakındır","24.04.2020"
"Circus of Books","24.04.2020"
"Freud: 1. Sezon: Histeri","24.04.2020"
"Love Wedding Repeat","24.04.2020"
"39. Dosya","24.04.2020"
"Ozark: 1. Sezon: Bir Damla Uyku","24.04.2020"
"La casa de papel: 1. Kısım: 2. Bölüm","24.04.2020"
"Dedemin İnsanları","24.04.2020"
"Kemiklerin Mirası","23.04.2020"
"Spenser Kanunları","22.04.2020"
"Hayallerin Peşinde","22.04.2020"
"Benim Zengin Dostlarım","22.04.2020"
"Sergio","22.04.2020"
"Women of the Night: 1. Sezon: Kafesin Kapısı Açılıyor","19.04.2020"
"Kod 8","19.04.2020"
"Il processo: 1. Sezon: 4. Bölüm","19.04.2020"
"Unorthodox: Mini Dizi: 1. Kısım","18.04.2020"
"Il processo: 1. Sezon: 3. Bölüm","18.04.2020"
"Il processo: 1. Sezon: 2. Bölüm","18.04.2020"
"Il processo: 1. Sezon: 1. Bölüm","18.04.2020"
"Marco Polo: 2. Sezon: Kucaklaşma","18.04.2020"
"Marco Polo: 2. Sezon: Avcı ve Samur Dokumacısı","17.04.2020"
"Marco Polo: 1. Sezon: Güzel ve İlkel","16.04.2020"
"Marco Polo: 1. Sezon: Mahkumlar","15.04.2020"
"Marco Polo: 1. Sezon: Çizim","13.04.2020"
"Marco Polo: 1. Sezon: Bilgin Kalemi","13.04.2020"
"Marco Polo: 1. Sezon: Beyaz Ay","12.04.2020"
"Marco Polo: 1. Sezon: Haşhaşiler","12.04.2020"
"Marco Polo: 1. Sezon: Dördüncü Adım","12.04.2020"
"Marco Polo: 1. Sezon: Ziyafet","12.04.2020"
"Marco Polo: 1. Sezon: Kurt ve Geyik","11.04.2020"
"Marco Polo: 1. Sezon: Yolcu","11.04.2020"
"Breaking Bad: 1. Sezon: Pilot Bölüm","11.04.2020"
"ROMA","05.04.2020"
"Babamdan Öğrendiğim Her Şey","05.04.2020"
"Ala Vaikunthapurramuloo","05.04.2020"
"Konut","05.04.2020"
"Yeter","05.04.2020"
"Ateş Serbest","03.04.2020"
"Narcos: Mexico: 1. Sezon: Camelot","03.04.2020"
"Beyaz Kentin Sessizliği","31.03.2020"
"Toy Boy: 1. Sezon: Polaroitler","29.03.2020"
"Toy Boy: 1. Sezon: Anne Sevgisi","29.03.2020"
"Toy Boy: 1. Sezon: Tek Tanık","28.03.2020"
"Yaşam Kürü","27.03.2020"
"Toy Boy: 1. Sezon: Maskeli Balo","22.03.2020"
"Toy Boy: 1. Sezon: Tünelin Sonu","22.03.2020"
"Toy Boy: 1. Sezon: Katilin Nabzı","22.03.2020"
"Toy Boy: 1. Sezon: Başa Dönmek","22.03.2020"
"Karakomik Filmler: Koleksiyon 1: 2 Arada","21.03.2020"
"7. Koğuştaki Mucize","14.03.2020"
"Toy Boy: 1. Sezon: Son Hüküm","14.03.2020"
"Next in Fashion: 1. Sezon: Final","13.03.2020"
"Next in Fashion: 1. Sezon: Kot","13.03.2020"
"Next in Fashion: 1. Sezon: Askerî","13.03.2020"
"Toy Boy: 1. Sezon: Ölülerin Arasında","10.03.2020"
"Toy Boy: 1. Sezon: Pilot Bölüm","08.03.2020"
"Uçuş","05.03.2020"
"Locke & Key: 1. Sezon: Matheson'a Hoş Geldiniz","05.03.2020"
"Beyaz Şeytan","05.03.2020"
"Sonsuz Siper","01.03.2020"
"Uçak Modu","26.02.2020"
"Tallulah","26.02.2020"
"Eyvah Yaş 40","23.02.2020"
"The Last Thing He Wanted","23.02.2020"
"Black Mirror: 4. Sezon: Hang the DJ","20.02.2020"
"Sevdiğim Tüm Erkeklere: Not: Seni Hâlâ Seviyorum","20.02.2020"
"İlk Korku","18.02.2020"
"The Blacklist: 1. Sezon: Gina Zanetakos (No. 152)","16.02.2020"
"İhtiyarlara Yer Yok","16.02.2020"
"Küçülen Hayatlar","16.02.2020"
"Eşkıya","15.02.2020"
"Benjamin Button’ın Tuhaf Hikayesi","10.02.2020"
"Aklım Karıştı","10.02.2020"
"En Soğuk Oyun","10.02.2020"
"","09.02.2020"
"Horse Girl","08.02.2020"
"The Highwaymen","08.02.2020"
"Harry Potter ve Melez Prens","05.02.2020"
"Benji","05.02.2020"
"Yetkisiz Bir Hayat: 1. Sezon: 1. Bölüm","04.02.2020"
"Uncut Gems","02.02.2020"
"The Stranger: Mini Dizi: 1. Bölüm","02.02.2020"
"Marcella: 1. Sezon: 5. Bölüm","01.02.2020"
"Korkunç Şüphe","01.02.2020"
"You Cannot Hide: 1. Sezon: Yüzleşme","01.02.2020"
"You Cannot Hide: 1. Sezon: Altıncı His","01.02.2020"
"You Cannot Hide: 1. Sezon: Son Durak","31.01.2020"
"You Cannot Hide: 1. Sezon: Yeni Bir Şüpheli","30.01.2020"
"You Cannot Hide: 1. Sezon: Gerçek","29.01.2020"
"You Cannot Hide: 1. Sezon: Tehlike","29.01.2020"
"You Cannot Hide: 1. Sezon: Suç Kanıtı","28.01.2020"
"You Cannot Hide: 1. Sezon: Dövme","27.01.2020"
"You Cannot Hide: 1. Sezon: İşaret","27.01.2020"
"You Cannot Hide: 1. Sezon: Kaçış","27.01.2020"
"Amar","24.01.2020"
"6 Underground","24.01.2020"
"12 Maymun","24.01.2020"
"Ruhların Sonbaharı","24.01.2020"
"Harry Potter ve Ölüm Yadigarları: Bölüm 2","24.01.2020"
"The Red Sea Diving Resort","24.01.2020"
"Göze Göz","23.01.2020"
"The Ruthless","21.01.2020"
"Kaçış Planı","20.01.2020"
"Melekler ve Şeytanlar","16.01.2020"
"Uyarı","16.01.2020"
"Kidnapping Stella","15.01.2020"
"Okja","14.01.2020"
"Ölümsüz Aşk","14.01.2020"
"Marseille: 1. Sezon: Korkuluk","14.01.2020"
"Velvet Buzzsaw","14.01.2020"
"Ortak","13.01.2020"
"Hırsızlar Şehri","12.01.2020"
"Medical Police: 1. Sezon: Uçuyoruz","12.01.2020"
"After Life: 1. Sezon: 2. Bölüm","12.01.2020"
"How I Met Your Mother: 1. Sezon: Mor Zürafa","12.01.2020"
"Bourne'un Mirası","12.01.2020"
"Görünmeyen Misafir","12.01.2020"
"Küçük Işıklar Şehri","12.01.2020"
"Acil Arama","12.01.2020"
"Cingöz Recai","12.01.2020"
"Ufak Suçlar","12.01.2020"
"Belalı Tanık","12.01.2020"
"Close","12.01.2020"
"Zodiac","11.01.2020"
"Yaman Çelişki","11.01.2020"
"Giri / Haji: 1. Sezon: 1. Bölüm","11.01.2020"
"Kardan Adam","07.01.2020"
"Spinning Out: 1. Sezon: Aileye Hoş Geldin","07.01.2020"
"Spinning Out: 1. Sezon: Sun Valley'ye Giriyorsunuz","07.01.2020"
"The Sinner: 2. Sezon: Julian: Kısım IV","05.01.2020"
"The Sinner: 2. Sezon: Julian: Kısım III","05.01.2020"
"The Sinner: 2. Sezon: Julian: Kısım II","05.01.2020"
"Love: 1. Sezon: Sınav","05.01.2020"
"Operasyon: Argo","05.01.2020"
"Can Dostum","05.01.2020"
"Charlie Wilson’ın Savaşı","05.01.2020"
"Davet","05.01.2020"
"The Frankenstein Chronicles: 1. Sezon: Tanrısız Bir Dünya","05.01.2020"
"The I-Land: Mini Dizi: Görkemli Saraylar","04.01.2020"
"Hiçbir Zaman Burada Değildin","04.01.2020"
"Selfless","04.01.2020"
"Türk İşi Dondurma","03.01.2020"
"Ben Senin Bildiğin Erkeklerden Değilim","03.01.2020"
"Ye Dua Et Sev","03.01.2020"
"Sesinde Aşk Var","03.01.2020"
"İyi Şanslar Chuck","03.01.2020"
"Kusursuz Yabancı","02.01.2020"
"Köstebek","02.01.2020"
"Lady J","01.01.2020"
"True Story","01.01.2020"
"Kalibre","01.01.2020"
"Çifte Tehlike","01.01.2020"
"Tutsak","01.01.2020"
"Designated Survivor: 1. Sezon: İlk Gün","01.01.2020"
"Gothika","31.12.2019"
"Çılgın Ofis Partisi","31.12.2019"
"Game","31.12.2019"
"Yağmurcu","30.12.2019"
"The Blacklist: 1. Sezon: Kurye (No. 85)","30.12.2019"
"Sabit Alışkanlıklar Diyarı","29.12.2019"
"Bitter Daisies: 1. Sezon: İnsanların acıları","29.12.2019"
"Karanlık Yerler","29.12.2019"
"Drug Squad: Costa del Sol: 1. Sezon: Bana Güvenebilirsiniz","29.12.2019"
"Dunkirk","29.12.2019"
"Pedro'nun İkinci Şansı","29.12.2019"
"Sarışın Bomba","29.12.2019"
"Holiday in the Wild","29.12.2019"
"El Pepe: Yüce Bir Yaşam","29.12.2019"
"Fırıncının Karısı","29.12.2019"
"Aşk Limanı","29.12.2019"
"Glacé: 1. Sezon: 1. Bölüm","29.12.2019"
"Atiye: 1. Sezon: 5. Bölüm","28.12.2019"
"Atiye: 1. Sezon: 4. Bölüm","28.12.2019"
"Private Life","28.12.2019"
"Atiye: 1. Sezon: 3. Bölüm","27.12.2019"
"You: 2. Sezon: İyi, Kötü ve Hendy","27.12.2019"
"You: 2. Sezon: Arkadaşlar Ne İçindir?","27.12.2019"
"Atiye: 1. Sezon: 2. Bölüm","27.12.2019"
"Atiye: 1. Sezon: 1. Bölüm","27.12.2019"
"You: 2. Sezon: Sadece Ucundan","26.12.2019"
"You: 2. Sezon: Yeni Bir Başlangıç","26.12.2019"
"Yalanın İcadı","25.12.2019"
"MINDHUNTER: 1. Sezon: 3. Bölüm","25.12.2019"
"Ultraviolet: 1. Sezon: #alicja","25.12.2019"
"Ultraviolet: 1. Sezon: #göldekikadın","25.12.2019"
"Marvel's Iron Fist: 1. Sezon: Kar Çökmesi","25.12.2019"
"Gossip Girl: 1. Sezon: Azılı Düşmanla Yemek","25.12.2019"
"Meyerowitz Hikâyeleri (Yeni ve Seçilmiş)","25.12.2019"
"Dağ Evi: 1. Sezon: 5. Bölüm","25.12.2019"
"Dağ Evi: 1. Sezon: 4. Bölüm","25.12.2019"
"Dağ Evi: 1. Sezon: 3. Bölüm","25.12.2019"
"Dağ Evi: 1. Sezon: 2. Bölüm","24.12.2019"
"İnanılmaz Örümcek Adam","24.12.2019"
"Dağ Evi: 1. Sezon: 1. Bölüm","24.12.2019"
"Bir Dilim Suç","24.12.2019"
"Soundtrack: 1. Sezon: 1. Şarkı: Nellie ve Sam","24.12.2019"
"Eski Karım Evleniyor","23.12.2019"
"Twice Upon A Time: Mini Dizi: Geri Dön","23.12.2019"
"Sil Baştan","23.12.2019"
"Mona Lisa'nın Gülüşü","22.12.2019"
"Edebiyat ve Patates Turtası Derneği","22.12.2019"
"Dünyanın Bütün Parası","22.12.2019"
"Ayın Gölgesinde","22.12.2019"
"Ödül Peşinde","22.12.2019"
"Baskından Sonra","22.12.2019"
"Erkek Aklı","22.12.2019"
"The Two Popes","22.12.2019"
"The Code: 1. Sezon: 1. Bölüm","22.12.2019"
"Wanted: 1. Sezon: Koş Lola Koş","22.12.2019"
"Orphan Black: 1. Sezon: İçgüdü","22.12.2019"
"Paranoid: 1. Sezon: 7. Bölüm","21.12.2019"
"Paranoid: 1. Sezon: 6. Bölüm","21.12.2019"
"Paranoid: 1. Sezon: 5. Bölüm","21.12.2019"
"Paranoid: 1. Sezon: 4. Bölüm","21.12.2019"
"Paranoid: 1. Sezon: 3. Bölüm","21.12.2019"
"Paranoid: 1. Sezon: 2. Bölüm","21.12.2019"
"Paranoid: 1. Sezon: 1. Bölüm","21.12.2019"
"The Witcher: 1. Sezon: Sonun Başlangıcı","21.12.2019"
"Twice Upon A Time: Mini Dizi: Beni Bırakma","20.12.2019"
"V Wars: 1. Sezon: Hastalığa Yakalanmak","20.12.2019"
"Ray","20.12.2019"
"Good Witch: 1. Sezon: Sil Baştan... Yeniden","20.12.2019"
"Line of Duty: 1. Sezon: 1. Bölüm","20.12.2019"
"Sherlock: 4. Seri: Altı Thatcher","20.12.2019"
"Genç Yetişkin","20.12.2019"
"Korkunun Ucunda","20.12.2019"
"Uğur Böceği","20.12.2019"
"If I Hadn't Met You: 1. Sezon: Sizinle Tanışmasaydım","20.12.2019"
"River: 1. Sezon: 2. Bölüm","20.12.2019"
"Lilyhammer: 1. Sezon: Gerçekleri Görmek","20.12.2019"
"Seven Seconds: Mini Dizi: Pilot Bölüm","20.12.2019"
"Jack Taylor: 1. Sezon: Mızrakçılar","19.12.2019"
"Marriage Story","19.12.2019"
"Rake: 4. Sezon: 1. Bölüm","19.12.2019"
"Rake: 1. Sezon: Corella Davası","18.12.2019"
"Rake: 1. Sezon: Tanner Davası","18.12.2019"
"Rake: 1. Sezon: Langhorn Davası","17.12.2019"
"Rake: 1. Sezon: Chandler Davası","17.12.2019"
"Rake: 1. Sezon: Lorton Davası","16.12.2019"
"Kara Şövalye","15.12.2019"
"Rake: 1. Sezon: Dana Davası","15.12.2019"
"Rake: 1. Sezon: Marx Davası","15.12.2019"
"Bakış Açısı","14.12.2019"
"Feed the Beast: 1. Sezon: Tabula Rasa","11.12.2019"
"Feed the Beast: 1. Sezon: Vahşi Batı","11.12.2019"
"Home for Christmas: 1. Sezon: Ciddi Randevular","11.12.2019"
"Home for Christmas: 1. Sezon: Büyük Noel Yalanı","11.12.2019"
"Feed the Beast: 1. Sezon: Bana Bir T Verin","10.12.2019"
"Feed the Beast: 1. Sezon: Gizli Sos","10.12.2019"
"Meet Joe Black","10.12.2019"
"","10.12.2019"
"Feed the Beast: 1. Sezon: Siktir Git, Randy","09.12.2019"
"Marvel - Jessica Jones: 1. Sezon: Kadınlar Matinesi","09.12.2019"
"The Spy: Mini Dizi: Ne Haber, Buenos Aires?","09.12.2019"
"Secret City: Gözetleyenler","09.12.2019"
"Virgin River: 1. Sezon: Bulundu","09.12.2019"
"Virgin River: 1. Sezon: Kayıp","09.12.2019"
"Feed the Beast: 1. Sezon: Yılın Babası","08.12.2019"
"Feed the Beast: 1. Sezon: Kılavuz Işığı","08.12.2019"
"Three Days of Christmas: 1. Sezon: 1. Bölüm","08.12.2019"
"Bir Konuşabilse...","08.12.2019"
"Aloha","08.12.2019"
"","08.12.2019"
"Yeni Bir Başlangıç","08.12.2019"
"Atlantique","08.12.2019"
"Aquarius: 1. Sezon: The Hunter Gets Captured by the Game","08.12.2019"
"Rebellion: 1. Sezon: Teslim","08.12.2019"
"Chambers: 1. Sezon: Bilinmeyene Doğru","08.12.2019"
"Virgin River: 1. Sezon: Devam Etmek","08.12.2019"
"Amerikan Pastası Çıplak Yol","07.12.2019"
"Rocco","07.12.2019"
"Bad Blood: 1. Sezon: Şölen veya Açlık","07.12.2019"
"Bikram: Yogi, Guru, Predator","07.12.2019"
"Uluslararası","07.12.2019"
"Yetenekli Bay Ripley","05.12.2019"
"The Good Cop: 1. Sezon: TJ'e Kim Komplo Kurdu?","04.12.2019"
"How to Get Away with Murder: 1. Sezon: Gülümse, Yoksa Hapse Gidersin","03.12.2019"
"How to Get Away with Murder: 1. Sezon: Hepsi Onun Suçu","03.12.2019"
"How to Get Away with Murder: 1. Sezon: Pilot","03.12.2019"
"Mytho: 1. Sezon: 2. Bölüm","03.12.2019"
"Mytho: 1. Sezon: 1. Bölüm","03.12.2019"
"Tidelands: 1. Sezon: Eve Dönüş","02.12.2019"
"The Sinner: 2. Sezon: Julian: Kısım I","02.12.2019"
"The Assassination of Gianni Versace: 1. Sezon: Modanın Kralı Olacak Adam","02.12.2019"
"Narcos: 1. Sezon: Descenso","01.12.2019"
"Transfers: 1. Sezon: 1. Bölüm","01.12.2019"
"Love: 1. Sezon: Uzun Bir Gün","01.12.2019"
"Greenleaf: 1. Sezon: Vaftiz","01.12.2019"
"Greenleaf: 1. Sezon: İyileşme Zamanı","01.12.2019"
"","01.12.2019"
"The Crime: 1. Sezon: 2. Bölüm","29.11.2019"
"The Crime: 1. Sezon: 1. Bölüm","29.11.2019"
"Dirty John: John Meehan: Ayakkabının Teki","28.11.2019"
"The Blacklist: 1. Sezon: Yahnici (No. 161)","28.11.2019"
"Çılgın Rahibeler","27.11.2019"
"Fugitiva: 1. Sezon: 1. Bölüm","26.11.2019"
"Drug Squad: Costa del Sol: 1. Sezon: Yalanlar","26.11.2019"
"Masum Adam: Mini Dizi: Debbie ve Denice","26.11.2019"
"İngiliz Dedektif: Bir Suç Hikayesi: 2. Sezon: 1. Bölüm","26.11.2019"
"Outlander: 1. Sezon: Çıkış Yolu","26.11.2019"
"High Seas: 1. Sezon: Sofía","26.11.2019"
"Küçük Gregory'yi Kim Öldürdü?: Mini Dizi: 1. Bölüm","24.11.2019"
"Seksi Kızlar Aranıyor: Açık Açık: Mini Dizi: Kadının Bakış Açısı","24.11.2019"
"Singapore Social: 1. Sezon: Yeni Nesil","24.11.2019"
"Masonlar: 1. Sezon: 1. Bölüm","24.11.2019"
"Borderliner: 1. Sezon: Nikolai’ın İkilemi","24.11.2019"
"The Family: Mini Dizi: Batış","24.11.2019"
"Real Detective: 1. Sezon: İntikam","24.11.2019"
"The Kominsky Method: 1. Sezon: Bölüm 2: Bir Menajer Yas Tutar","24.11.2019"
"GLOW: 1. Sezon: Pilot Bölüm","24.11.2019"
"Vexed: 1. Sezon: 1. Bölüm","24.11.2019"
"You: 1. Sezon: Mavi Sakal'ın Şatosu","24.11.2019"
"You: 1. Sezon: Candace","24.11.2019"
"You: 1. Sezon: Seninim Bebeğim","24.11.2019"
"You: 1. Sezon: Her Şeylik","23.11.2019"
"Tehlikeli Oyun: 1. Sezon: O Duyguyu Biliyor musun?","23.11.2019"
"Northern Rescue: 1. Sezon: Her Şey Olacağına Varır","23.11.2019"
"MINDHUNTER: 1. Sezon: 2. Bölüm","23.11.2019"
"The Only Way Is Essex: 18. Sezon: The Only Way is Majorca 1. Kısım","23.11.2019"
"After Life: 1. Sezon: 1. Bölüm","23.11.2019"
"Back with the Ex: 1. Sezon: 1. Bölüm","23.11.2019"
"Aşk ve Küller","23.11.2019"
"21","23.11.2019"
"Gizli Güzellik","23.11.2019"
"Weeds: 1. Sezon: Ayıyı Iskalayamazsın","23.11.2019"
"Deep Water: 1. Sezon: 1. Bölüm","23.11.2019"
"Holiday Secrets: Mini Dizi: Eve Hoş Geldiniz","23.11.2019"
"Wanderlust: 1. Sezon: 3. Bölüm","23.11.2019"
"You: 1. Sezon: Amour Fou","22.11.2019"
"Wanderlust: 1. Sezon: 2. Bölüm","21.11.2019"
"O Mecanismo: 1. Sezon: Gizli Bölme","20.11.2019"
"O Mecanismo: 1. Sezon: Güneyden Esen Soğuk Rüzgârlar","20.11.2019"
"O Mecanismo: 1. Sezon: Helva","20.11.2019"
"O Mecanismo: 1. Sezon: Oto Yıkama","19.11.2019"
"You: 1. Sezon: Düşmanınla Yaşamak","18.11.2019"
"The Staircase: Mini Dizi: Zayıf Bir Dava","18.11.2019"
"The Staircase: Mini Dizi: Bir Savcılık Hilesi","18.11.2019"
"The Staircase: Mini Dizi: Şaşırtıcı Tesadüf","18.11.2019"
"The Staircase: Mini Dizi: Sırlar ve Yalanlar","18.11.2019"
"The Staircase: Mini Dizi: Suç mu? Kaza mı?","18.11.2019"
"Limitless: 1. Sezon: Pilot Bölüm","18.11.2019"
"El club: 1. Sezon: Görevimiz Karışık","18.11.2019"
"Deprem Kuşu","18.11.2019"
"You: 1. Sezon: Kaptan","17.11.2019"
"You: 1. Sezon: Belki","17.11.2019"
"You: 1. Sezon: New York'taki Son Kibar Erkek","17.11.2019"
"You: 1. Sezon: Pilot Bölüm","17.11.2019"
"Hinterland: 1. Sezon: Şeytan Köprüsü","17.11.2019"
"Cat Kapi Ask","17.11.2019"
"El club: 1. Sezon: MDMA ve Kötü Fikirler","16.11.2019"
"River: 1. Sezon: 1. Bölüm","16.11.2019"
"II. Dünya Savaşı'nın En Önemli Olayları (Renkli): 1. Sezon: Blitzkrieg","16.11.2019"
"Dark: 1. Sezon: Geçmiş ve Günümüz","16.11.2019"
"The Hateful Eight","16.11.2019"
"Yok Artık!","15.11.2019"
"Dark: 1. Sezon: Yalanlar","14.11.2019"
"The End of the F***ing World: 1. Sezon: 2. Bölüm","14.11.2019"
"Criminal: İspanya: Mini Dizi: Isabel","13.11.2019"
"Miss Fisher's Murder Mysteries: 1. Seri: Kokain Hüznü","13.11.2019"
"La víctima número 8: 1. Sezon: Aptalca Bir Teori","13.11.2019"
"Dark: 1. Sezon: Sırlar","13.11.2019"
"Better Than Us: 1. Sezon: 1. Bölüm","11.11.2019"
"Prison Break: 1. Sezon: Pilot Bölüm","11.11.2019"
"Monarca: 1. Sezon: Budama","11.11.2019"
"American Son","11.11.2019"
"Insatiable: 1. Sezon: Eyersiz Kovboy Güzeli","11.11.2019"
"Aşk Baharı Beklemez","11.11.2019"
"Doc Martin: 1. Seri: Bodmin Olmak","10.11.2019"
"Las chicas del cable: 1. Sezon: Bölüm 4: Duygular","10.11.2019"
"Orphan Black: 1. Sezon: Doğal Seleksiyon","10.11.2019"
"Eyyvah Eyvah 3","10.11.2019"
"Rake: 1. Sezon: Murray Davası","10.11.2019"
"Manhunt: Unabomber: Zehirli Ağacın Meyvesi","10.11.2019"
"Undercover: 1. Sezon: İtalyan Uyuşturucuları","10.11.2019"
"Undercover: 1. Sezon: Çok Hassas","10.11.2019"
"Undercover: 1. Sezon: Kamp Alanı","08.11.2019"
"Ad Vitam: 1. Sezon: 1. Bölüm","08.11.2019"
"Christiane Amanpour: Sex & Love Around the World: 1. Sezon: Tokyo","07.11.2019"
"Vahşi Kırlar: Mini Dizi: 1. Kısım","07.11.2019"
"Vanilla Sky","07.11.2019"
"San Andreas Fayı","07.11.2019"
"Jack Taylor: 1. Sezon: Polis Teşkilatı","07.11.2019"
"The Forest: 1. Sezon: 1. Bölüm","07.11.2019"
"H: 1. Sezon: Denizin Üstünde Yüzen Bebekler","07.11.2019"
"Black Mirror: 4. Sezon: Timsah","07.11.2019"
"Kadın Affetmez","07.11.2019"
"Günden Kalanlar","05.11.2019"
"Aykut Enişte","05.11.2019"
"Wanted: 1. Sezon: Chelsea ve Lola","04.11.2019"
"Girls from Ipanema: 1. Sezon: Rio'ya Hoş Geldiniz","04.11.2019"
"Menajerimi Arayın!: 1. Sezon: Line ve Françoise","04.11.2019"
"Menajerimi Arayın!: 1. Sezon: Cécile","04.11.2019"
"Bad Blood: 1. Sezon: Yara Dokusu","03.11.2019"
"Kalp Çağrısı: 1. Sezon: Kayıp Eşya","03.11.2019"
"Mad Men: 1. Sezon: Duman Göze Giriyor","03.11.2019"
"Unit 42: 1. Sezon: Yüz Yüze","03.11.2019"
"How I Met Your Mother: 1. Sezon: Pilot Bölüm","03.11.2019"
"Alacakaranlık Efsanesi: Şafak Vakti Bölüm 2","03.11.2019"
"Alacakaranlık Efsanesi: Şafak Vakti Bölüm 1","02.11.2019"
"Marseille: 1. Sezon: 20 Yıl","02.11.2019"
"Marseille: 2. Sezon: Adalet","02.11.2019"
"Marseille: 2. Sezon: Vazgeçme","02.11.2019"
"Marseille: 2. Sezon: Aydınlanma","02.11.2019"
"Marseille: 2. Sezon: Şartlı Teslimiyet","01.11.2019"
"Marseille: 2. Sezon: Diren","01.11.2019"
"Alacakaranlık Efsanesi Tutulma","01.11.2019"
"Marseille: 2. Sezon: Fetih","31.10.2019"
"Marseille: 2. Sezon: Baskınlık","31.10.2019"
"Marseille: 2. Sezon: Yemin Bozma","30.10.2019"
"Marseille: 1. Sezon: Son Savaş","30.10.2019"
"Marseille: 1. Sezon: Oylandı","29.10.2019"
"Marseille: 1. Sezon: Özgürlük, Eşitlik, Acımasızlık","29.10.2019"
"Marseille: 1. Sezon: Yüzleşme","29.10.2019"
"Alacakaranlık Efsanesi Yeni Ay","29.10.2019"
"Bana Kim Olduğumu Söyle","29.10.2019"
"La Mante: 1. Sezon: 1. Bölüm","29.10.2019"
"David Letterman ile Sıradaki Konuğum: Shah Rukh Khan","29.10.2019"
"Criminal: Almanya: Mini Dizi: Jochen","28.10.2019"
"Sörfçü Kız Bruna","28.10.2019"
"Rebellion: 1. Sezon: Kuşatma Altında","28.10.2019"
"Rebellion: 1. Sezon: Silah Başına!","28.10.2019"
"Alacakaranlık","28.10.2019"
"Rebellion: 1. Sezon: Genç Silahlar","27.10.2019"
"Interior Design Masters: 1. Sezon: 1. Bölüm","27.10.2019"
"Jugar con fuego: 1. Sezon: Camila'nın Korkusu","27.10.2019"
"Gurur Dünyası","27.10.2019"
"Spotless: 1. Sezon: 1. Bölüm","27.10.2019"
"Rezeta","27.10.2019"
"The Awakening of Motti Wolkenbruch","26.10.2019"
"Baby: 1. Sezon: #Aşk","24.10.2019"
"The Laundromat","24.10.2019"
"Perfume: 1. Sezon: Kalp Notaları","24.10.2019"
"Perfume: 1. Sezon: Üçüncü Madde","24.10.2019"
"Living with Yourself: 1. Sezon: En İyi Hâliniz","22.10.2019"
"Kelebegin rüyasi","21.10.2019"
"Sevme Sanatı: Michalina Wislocka'nın Hikâyesi","21.10.2019"
"Tatlım Tatlım","21.10.2019"
"Baby: 1. Sezon: #Friendzone","19.10.2019"
"Rita: 1. Sezon: İdealist","19.10.2019"
"Hokkabaz","19.10.2019"
"Aşk Planı: 1. Sezon: Gizli Plan","19.10.2019"
"Perfume: 1. Sezon: Sentez","19.10.2019"
"Perfume: 1. Sezon: Skatol","17.10.2019"
"Marcella: 1. Sezon: 4. Bölüm","16.10.2019"
"Marcella: 1. Sezon: 3. Bölüm","16.10.2019"
"Müslüm","15.10.2019"
"Marcella: 1. Sezon: 2. Bölüm","15.10.2019"
"Edha: 1. Sezon: Geçmişin Bağları","14.10.2019"
"Edha: 1. Sezon: İntikamın Markası","14.10.2019"
"Velvet Colección: 1. Sezon: Yeni Ufuklar","14.10.2019"
"Shtisel: 1. Sezon: 1. Bölüm","14.10.2019"
"La Reina del Sur: 2. Sezon: 1. Bölüm","14.10.2019"
"Dirty John: John Meehan: Yüce Cellat","14.10.2019"
"Dirty John: John Meehan: Şarapnel","13.10.2019"
"Dirty John: John Meehan: Ben Olduğunu Hatırla","13.10.2019"
"Dirty John: John Meehan: Uyarı İşaretleri","13.10.2019"
"Dirty John: John Meehan: Ulaşılabilir Rüyalar","13.10.2019"
"Further Tales of the City (2001): 1. Sezon: 1. Bölüm","13.10.2019"
"Sully","13.10.2019"
"Fractured","13.10.2019"
"El Camino: Bir Breaking Bad Filmi","13.10.2019"
"Sosyal Hayvanlar","13.10.2019"
"Jane Eyre","13.10.2019"
"Bitter Daisies: 1. Sezon: Benim aracılığımla...","12.10.2019"
"Nikki Glaser: Bangin’","12.10.2019"
"Ingobernable: 1. Sezon: Kaçış","12.10.2019"
"Gypsy: 1. Sezon: Tavşan Deliği","12.10.2019"
"Ingobernable: 1. Sezon: Belirleyici An","12.10.2019"
"Peaky Blinders: 1. Sezon: 1. Bölüm","11.10.2019"
"Sen Benim HerŞeyimsin","11.10.2019"
"Erkekler","11.10.2019"
"Kent Masalları: Mini Dizi: Baş Belası","11.10.2019"
"Grace and Frankie: 1. Sezon: Son","11.10.2019"
"Anne with an E: 1. Sezon: Kaderine Yön Verecek Olan Sensin","11.10.2019"
"Cebimdeki Yabancı","11.10.2019"
"Someone Great","11.10.2019"
"My Husband Won't Fit: 1. Sezon: 1. Bölüm","10.10.2019"
"Ingrid Batıya Gidiyor","10.10.2019"
"Görümce","10.10.2019"
"İncir Reçeli","10.10.2019"
"Homeland: 1. Sezon: Pilot Bölüm","10.10.2019"
"Incir Receli 2","09.10.2019"
"Aşk Masalı","09.10.2019"
"Loser","09.10.2019"
"El Dragón: Return of a Warrior: 1. Sezon: 1. Bölüm","09.10.2019"
"Bekâr Kadınlar Kulübü","08.10.2019"
"Çiçero","08.10.2019"
"In the Tall Grass","08.10.2019"
"Queen of the South: 1. Sezon: Pilot Bölüm","08.10.2019"
"Orange Is the New Black: 1. Sezon: Acı Gerçekler","07.10.2019"
"Orange Is the New Black: 1. Sezon: Uzun Boylu Adamın Duyguları","07.10.2019"
"Orange Is the New Black: 1. Sezon: Bora Bora Bora","07.10.2019"
"Alias Grace: Mini Dizi: 1. Kısım","07.10.2019"
"Kördüğüm: 2. Sezon: 2. Bölüm","07.10.2019"
"Orange Is the New Black: 1. Sezon: Hücrede Bir Şükran Günü","07.10.2019"
"Orange Is the New Black: 1. Sezon: Moskovalı Katır","06.10.2019"
"Orange Is the New Black: 1. Sezon: Donut","06.10.2019"
"Orange Is the New Black: 1. Sezon: Konsey","06.10.2019"
"Orange Is the New Black: 1. Sezon: Efsane Tavuk","05.10.2019"
"Orange Is the New Black: 1. Sezon: Hayali Düşmanlar","05.10.2019"
"Orange Is the New Black: 1. Sezon: Lezbiyenlik İsteği Reddedildi","05.10.2019"
"Orange Is the New Black: 1. Sezon: Tampon Burger","02.10.2019"
"Orange Is the New Black: 1. Sezon: Hazır Değildim","02.10.2019"
"Vis a vis: 1. Sezon: Pretty Woman","01.10.2019"
"Kördüğüm: 2. Sezon: 1. Bölüm","29.09.2019"
"Kördüğüm: 1. Sezon: 13. Bölüm","29.09.2019"
"Yanik Koza: 1. Sezon: Bölüm 1","29.09.2019"
"Pablo Escobar, Kötülüğün Efendisi: 1. Sezon: 1. Bölüm","29.09.2019"
"The Story of Diana: 1. Sezon: 2. Kısım","29.09.2019"
"Uzaydan Gelen Fırtına","29.09.2019"
"Nothing to Hide","29.09.2019"
"The I-Land: Mini Dizi: Cesur Yeni Dünya","29.09.2019"
"Skylines: 1. Sezon: Null Sechs Neun","29.09.2019"
"Ölmek İçin On Üç Sebep: 3. Sezon: Evet, Ben Yeni Kızım","29.09.2019"
"Pek Yakında","29.09.2019"
"13 Commandments: 1. Sezon: 1. Bölüm","29.09.2019"
"Flaked: 1. Sezon: Ufuk","29.09.2019"
"Bataklık: Mini Dizi: Tanıklar","29.09.2019"
"Bataklık: Mini Dizi: Duruşma","29.09.2019"
"Bataklık: Mini Dizi: Canlandırma","29.09.2019"
"Bataklık: Mini Dizi: Cenaze","29.09.2019"
"Black Mirror: 4. Sezon: Arkangel","29.09.2019"
"The Politician: 1. Sezon: Pilot Bölüm","28.09.2019"
"Kördüğüm: 1. Sezon: 12. Bölüm","28.09.2019"
"Kördüğüm: 1. Sezon: 11. Bölüm","28.09.2019"
"Bataklık: Mini Dizi: Gözaltı","28.09.2019"
"Fi: 2. Sezon: 1. Bölüm","28.09.2019"
"Flaked: 1. Sezon: Westminster","28.09.2019"
"Zor Aşk","28.09.2019"
"Aşk Tesadüfleri Sever","28.09.2019"
"Workin' Moms: 1. Sezon: Pilot Bölüm","28.09.2019"
"Kördüğüm: 1. Sezon: 10. Bölüm","27.09.2019"
"Mutluluk Zamanı","27.09.2019"
"Kördüğüm: 1. Sezon: 9. Bölüm","25.09.2019"
"Kördüğüm: 1. Sezon: 8. Bölüm","25.09.2019"
"Kördüğüm: 1. Sezon: 7. Bölüm","25.09.2019"
"Kördüğüm: 1. Sezon: 6. Bölüm","25.09.2019"
"Kördüğüm: 1. Sezon: 5. Bölüm","25.09.2019"
"Kördüğüm: 1. Sezon: 4. Bölüm","25.09.2019"
"Kördüğüm: 1. Sezon: 3. Bölüm","25.09.2019"
"Kördüğüm: 1. Sezon: 2. Bölüm","25.09.2019"
"Delibal","25.09.2019"
"Niyazi Gül Dörtnala","25.09.2019"
"Inside Bill's Brain: Decoding Bill Gates: Mini Dizi: 1. Kısım","25.09.2019"
"Kördüğüm: 1. Sezon: 1. Bölüm","24.09.2019"
"Yol Arkadaşım 2","24.09.2019"
"Kardeşim Benim 2","24.09.2019"
"Fastest Car: 2. Sezon: Honda Gücü","24.09.2019"
"Hedefim Sensin","23.09.2019"
"Vis a vis: 1. Sezon: Öğleden Sonra Beşte","23.09.2019"
"Vis a vis: 1. Sezon: Senin İçin Gelecekler","22.09.2019"
"Criminal: Birleşik Krallık: 1. Sezon: Stacey","22.09.2019"
"Criminal: Birleşik Krallık: 1. Sezon: Edgar","22.09.2019"
"Unbelievable: Mini Dizi: 8. Bölüm","21.09.2019"
"Unbelievable: Mini Dizi: 7. Bölüm","21.09.2019"
"Unbelievable: Mini Dizi: 6. Bölüm","21.09.2019"
"Unbelievable: Mini Dizi: 5. Bölüm","21.09.2019"
"Patron Bebek: Yine İş Başında: 1. Sezon: Aile Eğlence Gecesi","20.09.2019"
"Patron Bebek: Yine İş Başında: 1. Sezon: Beşikteki Kedi","20.09.2019"
"Arabalar 3","20.09.2019"
"Vis a vis: 1. Sezon: Sert Gerçekler","17.09.2019"
"The Affair: 1. Sezon: 4. Bölüm","17.09.2019"
"The Affair: 1. Sezon: 3. Bölüm","15.09.2019"
"Aile Arasında","14.09.2019"
"The Affair: 1. Sezon: 2. Bölüm","14.09.2019"
"Turist","13.09.2019"
"The Affair: 1. Sezon: 1. Bölüm","13.09.2019"
"Öldüren Cazibe","13.09.2019"
"The A List: 1. Sezon: Sonunda Geldi","13.09.2019"
"Romantik Komedi","12.09.2019"
"Stajyer","11.09.2019"
"Vis a vis: 1. Sezon: Ormanda Bir Gün","10.09.2019"
"Vis a vis: 1. Sezon: Her Şeyin Bir Sebebi Var","09.09.2019"
"İlişki Durumu: Karmaşık","08.09.2019"
"Élite: 2. Sezon: 0 Saattir Kayıp","08.09.2019"
"Vis a vis: 1. Sezon: Dikiş Bilir misin?","08.09.2019"
"Élite: 2. Sezon: 84 Saattir Kayıp","08.09.2019"
"Élite: 2. Sezon: 66 Saattir Kayıp","08.09.2019"
"Élite: 2. Sezon: 63 Saattir Kayıp","07.09.2019"
"Élite: 2. Sezon: 59 Saattir Kayıp","07.09.2019"
"Élite: 2. Sezon: 36 Saattir Kayıp","06.09.2019"
"Élite: 2. Sezon: 34 Saattir Kayıp","06.09.2019"
"Élite: 2. Sezon: 20 Saattir Kayıp","06.09.2019"
"Çıplak Yönetmen: 1. Sezon: Sansürsüz","01.09.2019"
"Çıplak Yönetmen: 1. Sezon: Gizli Taraf","01.09.2019"
"La víctima número 8: 1. Sezon: Ölümcül Darbe","31.08.2019"
"La víctima número 8: 1. Sezon: İnanmaya Başlamak","31.08.2019"
"Falling Inn Love","31.08.2019"
"Basketball or Nothing: Mini Dizi: Rezbol","30.08.2019"
"La víctima número 8: 1. Sezon: Bir Mucize Bekleme","30.08.2019"
"La víctima número 8: 1. Sezon: Omar","30.08.2019"
"Ölmek İçin On Üç Sebep: 2. Sezon: İki Kızın Öpüşmesi","30.08.2019"
"Aşk Molası","20.08.2019"
"MINDHUNTER: 1. Sezon: 1. Bölüm","20.08.2019"
"45 rpm: 1. Sezon: Futura","19.08.2019"
"Tatlı Bela","18.08.2019"
"La casa de papel: 1. Kısım: 1. Bölüm","17.08.2019"
"Hababam Sınıfı Yeniden","17.08.2019"
"You Me Her: 1. Sezon: Muhteşem Gecenin Sabahı","16.08.2019"
"You Me Her: 1. Sezon: Bizi Seviyorum","16.08.2019"
"You Me Her: 1. Sezon: Jack'in Yeğeni","16.08.2019"
"You Me Her: 1. Sezon: Kutuyu İşaretle","16.08.2019"
"You Me Her: 1. Sezon: Birleşmeme Kuralı","16.08.2019"
"You Me Her: 1. Sezon: Sakin Olur musun?","16.08.2019"
"You Me Her: 1. Sezon: Sigara, Soğan Cipsi ve Her Şey Karışık","16.08.2019"
"You Me Her: 4. Sezon: Uyum Sancıları","16.08.2019"
"La casa de papel: 3. Kısım: Sapma","13.08.2019"
"Las chicas del cable: 1. Sezon: Bölüm 3: Yalanlar","10.08.2019"
"Las chicas del cable: 1. Sezon: Bölüm 2: Hatıralar","10.08.2019"
"La casa de papel: 3. Kısım: Kısa Bir Tatil","10.08.2019"
"Otherhood","06.08.2019"
"Boi","04.08.2019"
"Düş Yakamızdan","02.08.2019"
"Sadece Sen","29.07.2019"
"CM101MMXI Fundamentals","29.07.2019"
"Koç Carter","20.07.2019"
"La casa de papel: 3. Kısım: Her Şey Önemsiz Göründü","20.07.2019"
"La casa de papel: 3. Kısım: Güm, Güm, Ciao","20.07.2019"
"La casa de papel: 3. Kısım: Flipper Planı","19.07.2019"
"La casa de papel: 3. Kısım: Yerin 48 Metre Altında","19.07.2019"
"La casa de papel: 3. Kısım: Aikido","19.07.2019"
"La casa de papel: 3. Kısım: Geri Döndük","19.07.2019"
"Bates Motel: 1. Sezon: Önce Hayal, Sonra Ölüm","18.07.2019"
"Stranger Things: Stranger Things 3: 8. Bölüm: Starcourt Savaşı","15.07.2019"
"Stranger Things: Stranger Things 3: 4. Bölüm: Sauna Testi","14.07.2019"
"Stranger Things: Stranger Things 3: 7. Bölüm: Isırık","14.07.2019"
"Stranger Things: Stranger Things 3: 6. Bölüm: Çokluktan Birliğe","13.07.2019"
"Stranger Things: Stranger Things 3: 5. Bölüm: Ordu","12.07.2019"
"Stranger Things: Stranger Things 3: 3. Bölüm: Kayıp Cankurtaran Vakası","12.07.2019"
"Stranger Things: Stranger Things 3: 2. Bölüm: AVM Fareleri","11.07.2019"
"Stranger Things: Stranger Things 3: 1. Bölüm: Suzie, Duyuyor musun?","10.07.2019"
"Piyanist","02.07.2019"
"İbretlik Kanıtlar: 1. Sezon: Video Kanıtları","02.07.2019"
"Suits: 1. Sezon: Hatalar ve Eksiklikler","02.07.2019"
"Sherlock: 3. Seri: Şirret Gelin","02.07.2019"
"GO! Bu Hayat Senin: 1. Sezon: 1. Bölüm","30.06.2019"
"ANIMA","30.06.2019"
"Vis a vis: 1. Sezon: Masumu Oynamak","30.06.2019"
"Sonsuz Aşk","30.06.2019"
"Family Business: 1. Sezon: Anlaşma","30.06.2019"
"Family Business: 1. Sezon: İş Planı","30.06.2019"
"Kaybedenler Kulübü","29.06.2019"
"Dark: 2. Sezon: Bitişler ve Başlangıçlar","29.06.2019"
"Dark: 2. Sezon: Beyaz Şeytan","29.06.2019"
"Dark: 2. Sezon: Sonsuz Döngü","28.06.2019"
"Dark: 2. Sezon: Kaybolanlar ve Bulunanlar","28.06.2019"
"Dark: 2. Sezon: Yolcular","28.06.2019"
"Arkadaştan Öte","25.06.2019"
"Felekten Bir Gece","25.06.2019"
"Harry Potter ve Ölüm Yadigarları: Bölüm 1","22.06.2019"
"Sherlock: 3. Seri: Onun Son Yemini","22.06.2019"
"Sherlock: 3. Seri: Üçlerin İmzası","22.06.2019"
"Da Vinci Şifresi","22.06.2019"
"Dark: 2. Sezon: Hayaletler","22.06.2019"
"Dark: 2. Sezon: Karanlık Madde","21.06.2019"
"Dark: 2. Sezon: Başlangıçlar ve Bitişler","21.06.2019"
"Jinn: 1. Sezon: Ne Dilediğine Dikkat Et","21.06.2019"
"Sherlock: 3. Seri: Boş Tabut","20.06.2019"
"Jinn: 1. Sezon: #JinnHunter","19.06.2019"
"Jinn: 1. Sezon: Tehlikeli Bir Önsezi","19.06.2019"
"Jinn: 1. Sezon: Sihirli Kum","19.06.2019"
"Jinn: 1. Sezon: Garip Fısıltılar","19.06.2019"
"Black Mirror: 5. Sezon: Rachel, Jack ve Ashley Too","18.06.2019"
"Trinkets: 1. Sezon: Ayna Pozları","18.06.2019"
"Kusursuz Sevgili","16.06.2019"
"Klinik","16.06.2019"
"Black Mirror: 5. Sezon: Smithereens","15.06.2019"
"Murder Mystery","15.06.2019"
"%3: 1. Sezon: 1. Bölüm: Küpler","14.06.2019"
"Hanedan: 1. Sezon: Kendi İlacının Tadına Bakıyorsun","14.06.2019"
"Hanedan: 1. Sezon: Sadece Kendim İçin Yaşıyorum","14.06.2019"
"Sherlock: 2. Seri: Reichenbach Şelalesi","13.06.2019"
"Elisa ve Marcela","13.06.2019"
"Sherlock: 2. Seri: Baskerville'in Köpekleri","13.06.2019"
"Sherlock: 2. Seri: Belgravia'da Bir Skandal","13.06.2019"
"Sherlock: 1. Seri: Büyük Oyun","12.06.2019"
"House of Cards: 6. Sezon: No. 69","12.06.2019"
"Masters of Sex: 1. Sezon: Sex Uzmanları","11.06.2019"
"Designated Survivor: 1. Sezon: Pilot Bölüm","11.06.2019"
"Kent Masalları: Mini Dizi: Eve Dönmek","10.06.2019"
"Sherlock: 1. Seri: Kör Bankacı","10.06.2019"
"Black Mirror: 5. Sezon: Striking Vipers","09.06.2019"
"Harry Potter ve Felsefe Taşı","09.06.2019"
"Senden Bana Kalan","09.06.2019"
"Sherlock: 1. Seri: Pembe Üzerine Bir Çalışma","09.06.2019"
"Arızalı Çiftler","07.06.2019"
"Extremely Wicked, Shockingly Evil and Vile","07.06.2019"
"Jugar con fuego: 1. Sezon: Fabrizio Ateşle Oynuyor","06.06.2019"
"House of Cards: 6. Sezon: No. 68","05.06.2019"
"House of Cards: 6. Sezon: No. 67","05.06.2019"
"House of Cards: 6. Sezon: No. 66","05.06.2019"
"Always Be My Maybe","04.06.2019"
"Californication: 1. Sezon: Asistanın Sırrı","04.06.2019"
"Californication: 1. Sezon: Akşam Yemeği","04.06.2019"
"Amerikan Gangsteri","04.06.2019"
"İlle De Sen","04.06.2019"
"Kayıp Şeylerin Bakım Kılavuzu","04.06.2019"
"Aşkın Gücü","04.06.2019"
"How to Sell Drugs Online (Fast): 1. Sezon: Bugünün İneği, Yarının Patronu","03.06.2019"
"Easy: 1. Sezon: Vegan Külkedisi","03.06.2019"
"Dead to Me: 1. Sezon: Beni Durdurmaya Çalış","03.06.2019"
"Easy: 1. Sezon: Düzüşme Araştırması","03.06.2019"
"Easy: 3. Sezon: Sağa Kaydır","03.06.2019"
"How to Sell Drugs Online (Fast): 1. Sezon: Odadaki En Zeki İnsansan Yanlış Odadasın","03.06.2019"
"How to Sell Drugs Online (Fast): 1. Sezon: Ya Hep Ya Hiç","02.06.2019"
"How to Sell Drugs Online (Fast): 1. Sezon: Gerçek Hayat Buysa İlgilenmiyorum","02.06.2019"
"Dead to Me: 1. Sezon: Altından Kalkamıyorum","02.06.2019"
"How to Sell Drugs Online (Fast): 1. Sezon: Başarısızlığa Yer Yok","02.06.2019"
"How to Sell Drugs Online (Fast): 1. Sezon: Hayat Adil Değildir, Buna Alışın","02.06.2019"
"Dead to Me: 1. Sezon: Aman Tanrım","02.06.2019"
"Dead to Me: 1. Sezon: Kaçamak","02.06.2019"
"Dead to Me: 1. Sezon: Geri Dönemem","01.06.2019"
"Dead to Me: 1. Sezon: Hepsi Benim Suçum","31.05.2019"
"The Society: 1. Sezon: Ne Oldu?","31.05.2019"
"Dead to Me: 1. Sezon: Belki de Deliyim","30.05.2019"
"Dead to Me: 1. Sezon: Pilot Bölüm","30.05.2019"
"Sıcak Yaz","30.05.2019"
"Manhunt: Unabomber: Saf Suv","29.05.2019"
"Manhunt: Unabomber: UNABOM","29.05.2019"
"High Seas: 1. Sezon: Yüzükler","29.05.2019"
"High Seas: 1. Sezon: Albatros","29.05.2019"
"Para Tuzağı","29.05.2019"
"İbiza","28.05.2019"
"Ozark: 1. Sezon: Mavi Kedi","28.05.2019"
"WHAT / IF: 1. Kısım: Ne Dram","27.05.2019"
"WHAT / IF: 1. Kısım: Ne Oldu","27.05.2019"
"WHAT / IF: 1. Kısım: Şimdi Ne","27.05.2019"
"WHAT / IF: 1. Kısım: Pilot Bölüm","26.05.2019"
"Ölmek İçin On Üç Sebep: 2. Sezon: İlk Polaroid","26.05.2019"
"Ölmek İçin On Üç Sebep: 1. Sezon: 1. Kaset, B Yüzü","26.05.2019"
"The Forest: 1. Sezon: 6. Bölüm","26.05.2019"
"The Forest: 1. Sezon: 5. Bölüm","26.05.2019"
"The Forest: 1. Sezon: 4. Bölüm","25.05.2019"
"The Forest: 1. Sezon: 3. Bölüm","25.05.2019"
"The Forest: 1. Sezon: 2. Bölüm","25.05.2019"
"Ozark: 1. Sezon: Sugarwood","24.05.2019"
"Sosyal Ağ","24.05.2019"
"Unutursam Fisilda","22.05.2019"
"Oyun","22.05.2019"
"Trendeki Kız","22.05.2019"
"Müdahale","22.05.2019"
"40 Yıllık Bekar","22.05.2019"
"Keşke Otuz Olsam","22.05.2019"
"Friends from College: 1. Sezon: New York’a Hoş Geldiniz","22.05.2019"
"Umudunu Kaybetme","22.05.2019"
"Paris Biziz","21.05.2019"
"Oda Arkadaşı","21.05.2019"
"Ayrılık","20.05.2019"
"Tehlikeli Teklif","19.05.2019"
"Love: 1. Sezon: Başlıyor","19.05.2019"
"Triple Frontier","19.05.2019"
"Kumarbaz","19.05.2019"
"Limit Yok","19.05.2019"
"Gypsy: 1. Sezon: Siyah Ahır","19.05.2019"
"The Rain: 2. Sezon: En Güçlü Olan Sağ Kalır","18.05.2019"
"The Rain: 2. Sezon: Kendinizi Bırakmayın","18.05.2019"
"The Rain: 2. Sezon: Kendinizi Kurtarın","18.05.2019"
"Gypsy: 1. Sezon: Var Olmayan Ülke","18.05.2019"
"Gypsy: 1. Sezon: Marfa","18.05.2019"
"The Rain: 2. Sezon: Kontrolü Kaybetmeyin","18.05.2019"
"The Rain: 2. Sezon: Gerçekler Acıdır","18.05.2019"
"The Rain: 2. Sezon: Temas Kurmayın","18.05.2019"
"Termodinamik Yasaları","17.05.2019"
"Gypsy: 1. Sezon: Mutluluk Sarhoşluğu","17.05.2019"
"Gypsy: 1. Sezon: Vagabond Hotel","17.05.2019"
"Gypsy: 1. Sezon: Komün","17.05.2019"
"Gypsy: 1. Sezon: 309","16.05.2019"
"The Society: 1. Sezon: Nasıl Oldu?","15.05.2019"
"The Society: 1. Sezon: Yeni İsimler","15.05.2019"
"The Society: 1. Sezon: Zehir","14.05.2019"
"The Society: 1. Sezon: Allie'nin Kuralları","14.05.2019"
"The Society: 1. Sezon: Tanrı Gibi Falan","13.05.2019"
"The Society: 1. Sezon: Maske Takmak","13.05.2019"
"Collateral: Mini Dizi: 4. Bölüm","13.05.2019"
"The Society: 1. Sezon: Damla Damla","13.05.2019"
"The Society: 1. Sezon: Çocukluğa Elveda","13.05.2019"
"Collateral: Mini Dizi: 3. Bölüm","12.05.2019"
"Collateral: Mini Dizi: 2. Bölüm","12.05.2019"
"The Society: 1. Sezon: Kasabamız","12.05.2019"
"The Last Summer","11.05.2019"
"Unutulmaz Aşk","10.05.2019"
"Lion","08.05.2019"
"Özel Bir Gün","07.05.2019"
"Wanderlust: 1. Sezon: 1. Bölüm","07.05.2019"
"Her Şeye Rağmen","07.05.2019"
"Las chicas del cable: 1. Sezon: Bölüm 1: Hayaller","05.05.2019"
"Ketenpere","05.05.2019"
"You Me Her: 3. Sezon: Sen Sen Ol, Ben de Ben Olayım","04.05.2019"
"You Me Her: 3. Sezon: Şerefsiz, Diğer Şerefsiz ve Depresif Kukla","04.05.2019"
"You Me Her: 3. Sezon: Bal Kabağı Aromasının Sinsi Cazibesi","04.05.2019"
"You Me Her: 3. Sezon: Yumurtaların Düşecek","03.05.2019"
"You Me Her: 3. Sezon: Bir Kez Kanarsam Ben Utanırım. İkinci Kez Kanarsam...","02.05.2019"
"You Me Her: 3. Sezon: Volta Atmaya Hoş Geldin","02.05.2019"
"Osmosis: 1. Sezon: Test","02.05.2019"
"You Me Her: 3. Sezon: Akılalmaz!","01.05.2019"
"You Me Her: 3. Sezon: Geçici Lezbiyenler ve Aptal Y Kuşağı","01.05.2019"
"You Me Her: 3. Sezon: Barışın Dedim","01.05.2019"
"You Me Her: 3. Sezon: Seattle'da Tek Başına","01.05.2019"
"You Me Her: 2. Sezon: Bebeğim, Aşkımıza Ne Oldu?","01.05.2019"
"Fi: 1. Sezon: 12. Bölüm","01.05.2019"
"You Me Her: 2. Sezon: Aşk Filmi ve Votka","30.04.2019"
"You Me Her: 2. Sezon: Ucube Aşk Köpekleri","30.04.2019"
"You Me Her: 2. Sezon: Tuhaf Janis ve Cahil Fakir Bebek Taşıyıcısı","29.04.2019"
"You Me Her: 2. Sezon: Siz Trakarsky’lerin Derdi Ne Lan?","29.04.2019"
"Erkekler Ne Söyler Kadınlar Ne Anlar","29.04.2019"
"Sex and the City","29.04.2019"
"İkimizin Yerine","28.04.2019"
"Baby: 1. Sezon: Kukla","28.04.2019"
"You Me Her: 2. Sezon: Ot Kafası ve Aşk Sırları","28.04.2019"
"You Me Her: 2. Sezon: Kutudaki Kedi","28.04.2019"
"Birdman veya Cahilliğin Umulmayan Erdemi","28.04.2019"
"Seçilmişler","28.04.2019"
"Karışma Anne!","28.04.2019"
"Suits: 1. Sezon: Pilot Bölüm 1 ve 2","28.04.2019"
"Baby: 1. Sezon: Süper Güçler","28.04.2019"
"Hakan: Muhafız: 2. Sezon: 8. Bölüm","28.04.2019"
"Hakan: Muhafız: 2. Sezon: 7. Bölüm","28.04.2019"
"Hakan: Muhafız: 2. Sezon: 6. Bölüm","28.04.2019"
"Hakan: Muhafız: 2. Sezon: 5. Bölüm","28.04.2019"
"You Me Her: 2. Sezon: Hatırla, Ruby, Hatırla","28.04.2019"
"You Me Her: 2. Sezon: Vajina Takımı","28.04.2019"
"The Kominsky Method: 1. Sezon: Bölüm 1: Bir Aktör Kaçınır","28.04.2019"
"Hakan: Muhafız: 2. Sezon: 4. Bölüm","27.04.2019"
"Hakan: Muhafız: 2. Sezon: 3. Bölüm","27.04.2019"
"Hakan: Muhafız: 2. Sezon: 2. Bölüm","27.04.2019"
"Hakan: Muhafız: 2. Sezon: 1. Bölüm","27.04.2019"
"Paris'te Gece Yarısı","26.04.2019"
"En İyi Arkadaşım Evleniyor","26.04.2019"
"Aquarius: 1. Sezon: Everybody's Been Burned","26.04.2019"
"La casa de papel: 2. Kısım: 9. Bölüm","25.04.2019"
"La casa de papel: 2. Kısım: 8. Bölüm","25.04.2019"
"La casa de papel: 2. Kısım: 7. Bölüm","25.04.2019"
"La casa de papel: 2. Kısım: 6. Bölüm","25.04.2019"
"La casa de papel: 2. Kısım: 5. Bölüm","23.04.2019"
"La casa de papel: 2. Kısım: 4. Bölüm","23.04.2019"
"You Me Her: 2. Sezon: Seks Perisi ve Ebedi Aşklar","23.04.2019"
"You Me Her: 1. Sezon: Bir Romantik Komedi Klişesi","23.04.2019"
"You Me Her: 1. Sezon: Colorado, Güzel Evim","23.04.2019"
"You Me Her: 1. Sezon: Daha Kalabalık Bir İlişki","23.04.2019"
"La casa de papel: 2. Kısım: 3. Bölüm","21.04.2019"
"La casa de papel: 2. Kısım: 2. Bölüm","21.04.2019"
"La casa de papel: 2. Kısım: 1. Bölüm","21.04.2019"
"La casa de papel: 1. Kısım: 13. Bölüm","21.04.2019"
"La casa de papel: 1. Kısım: 12. Bölüm","21.04.2019"
"La casa de papel: 1. Kısım: 11. Bölüm","20.04.2019"
"La casa de papel: 1. Kısım: 10. Bölüm","20.04.2019"
"La casa de papel: 1. Kısım: 9. Bölüm","19.04.2019"
"Kaza Kurşunu","18.04.2019"
"La casa de papel: 1. Kısım: 8. Bölüm","18.04.2019"
"La casa de papel: 1. Kısım: 7. Bölüm","18.04.2019"
"La casa de papel: 1. Kısım: 6. Bölüm","17.04.2019"
"La casa de papel: 1. Kısım: 5. Bölüm","17.04.2019"
"Easy: 2. Sezon: Açık Evlilik","17.04.2019"
"Easy: 2. Sezon: Paket Hırsızı","17.04.2019"
"Ölmek İçin On Üç Sebep: 1. Sezon: 1. Kaset, A Yüzü","17.04.2019"
"La casa de papel: 1. Kısım: 4. Bölüm","16.04.2019"
"Aşıklar Şehri","16.04.2019"
"Issız Bir Adaya Düşsen Yanına Kimi Alırdın?","15.04.2019"
"Enissa Amani: Ehrenwort","14.04.2019"
"The Perfect Date","14.04.2019"
"Hanedan: 1. Sezon: Şirket Fahişesi","07.04.2019"
"Hanedan: 1. Sezon: Sirk Kadar Özel","07.04.2019"
"Secret City: Çabalamaya Destek","07.04.2019"
"Fırtına Anı","07.04.2019"
"Tatil","06.04.2019"
"Hatırla Gönül: 1. Sezon: Episode 1","06.04.2019"
"The OA: Kısım 1: No. 1: Eve Dönüş","06.04.2019"
"Patronlara Tuzak","05.04.2019"
"Mamma Mia!","02.04.2019"
"Kör Nokta","02.04.2019"
"Kazara Zengin","02.04.2019"
"Son Ultimatom","02.04.2019"
"Gözde Çift","02.04.2019"
"Kaptan Phillips","02.04.2019"
"Arif V 216","02.04.2019"
"Girlboss: 1. Sezon: Sophia","01.04.2019"
"Marcella: 1. Sezon: 1. Bölüm","01.04.2019"
"Outlander: 1. Sezon: Leoch Kalesi","31.03.2019"
"Outlander: 1. Sezon: İngiliz","31.03.2019"
"Selling Sunset: 1. Sezon: Satış İçin Güzellik Yetmez","31.03.2019"
"Antoine Griezmann: Bir Efsanenin Doğuşu","31.03.2019"
"Aşk Engel Tanımaz","31.03.2019"
"Jane the Virgin: 1. Sezon: No. 1: Pilot Bölüm","30.03.2019"
"Hanedan: 1. Sezon: Suçluluk Güvensizler İçindir","30.03.2019"
"Hanedan: 1. Sezon: Tükür Gitsin","30.03.2019"
"The Blacklist: 1. Sezon: Wujing (No. 84)","29.03.2019"
"The Blacklist: 1. Sezon: Serbest Çalışan (No.145)","29.03.2019"
"The Blacklist: 1. Sezon: Pilot Bölüm","29.03.2019"
"Hanedan: 1. Sezon: Seni Zor Tanıdım","28.03.2019"
"Ezel: 1. Sezon: 1. Bölüm","28.03.2019"
"Californication: 1. Sezon: Pilot Bölüm","28.03.2019"
"Ailecek Şaşkınız","28.03.2019"
"Ekşi Elmalar","28.03.2019"
"Masum: Season 1: 2. Bölüm","28.03.2019"
"Masum: Season 1: 1. Bölüm","28.03.2019"
"Organize İşler: Sazan Sarmalı","26.03.2019"
"BÖRÜ: 1. Sezon: Bazen Canavarlar Kazanır","26.03.2019"
"Gilmore Girls: 1. Sezon: Pilot Bölüm","24.03.2019"
"Shadowhunters: The Mortal Instruments: 1. Sezon: İnsanlar ve Melekler","23.03.2019"
"Gossip Girl: 1. Sezon: Pilot Bölüm","23.03.2019"
"Black Mirror: 4. Sezon: USS Callister","19.03.2019"
"Love, Rosie","18.03.2019"
"Eyyvah Eyvah 2","16.03.2019"
"The Order: 1. Sezon: Cehennem Haftası: Kısım 1","11.03.2019"
"Yol Arkadaşım","08.03.2019"
"G.O.R.A.","08.03.2019"
"The Umbrella Academy: 1. Sezon: Beyaz Keman","06.03.2019"
"The Umbrella Academy: 1. Sezon: Değişimler","05.03.2019"
"The Umbrella Academy: 1. Sezon: Bir Söylenti Duydum","05.03.2019"
"The Umbrella Academy: 1. Sezon: Yaşanan Gün","04.03.2019"
"The Umbrella Academy: 1. Sezon: Yaşanmayan Gün","03.03.2019"
"The Umbrella Academy: 1. Sezon: Beş Numara","01.03.2019"
"The Umbrella Academy: 1. Sezon: Ay'daki Adam","01.03.2019"
"The Umbrella Academy: 1. Sezon: Sıra Dışı","27.02.2019"
"The Umbrella Academy: 1. Sezon: Run Boy Run","26.02.2019"
"High Flying Bird","24.02.2019"
"The Umbrella Academy: 1. Sezon: Yalnızca Düğünlerde ve Cenazelerde Görüşürüz","23.02.2019"
"Sex Education: 1. Sezon: 1. Bölüm","11.02.2019"
"The Sinner: 1. Sezon: Cora: Kısım I","04.02.2019"
"Perfume: 1. Sezon: Amber","03.02.2019"
"Dogs of Berlin: 1. Sezon: Zafer Kutlaması","02.02.2019"
"Dogs of Berlin: 1. Sezon: Uzatma","02.02.2019"
"Dogs of Berlin: 1. Sezon: Millî Maç","01.02.2019"
"Dogs of Berlin: 1. Sezon: Derbi","01.02.2019"
"Dogs of Berlin: 1. Sezon: Ofsayt","01.02.2019"
"Dogs of Berlin: 1. Sezon: Faul","01.02.2019"
"Dogs of Berlin: 1. Sezon: Kolay Maç","31.01.2019"
"Dogs of Berlin: 1. Sezon: Çarpışma","31.01.2019"
"Dogs of Berlin: 1. Sezon: Takım","29.01.2019"
"Dogs of Berlin: 1. Sezon: VIP","29.01.2019"
"Dark: 1. Sezon: Alfa ve Omega","25.01.2019"
"Dark: 1. Sezon: Her Şey, Şimdi","25.01.2019"
"Dark: 1. Sezon: Ne Ekersen Onu Biçersin","25.01.2019"
"Safe: 1. Sezon: 2. Bölüm","22.01.2019"
"Safe: 1. Sezon: 1. Bölüm","22.01.2019"
"Küçük Esnaf","04.01.2019"
"Baby: 1. Sezon: Son Şans","04.01.2019"
"Black Mirror: Bandersnatch","31.12.2018"
"Baby: 1. Sezon: Emma","30.12.2018"
"SPF-18","30.12.2018"
"Patron Bebek: Yine İş Başında: 1. Sezon: Scooter Buskie","29.12.2018"
"Riverdale: 2. Sezon: No. 14: Ölüm Öpücüğü","24.12.2018"
"Hakan: Muhafız: 1. Sezon: 10. Bölüm","19.12.2018"
"Hakan: Muhafız: 1. Sezon: 9. Bölüm","19.12.2018"
"Hakan: Muhafız: 1. Sezon: 8. Bölüm","18.12.2018"
"Hakan: Muhafız: 1. Sezon: 7. Bölüm","17.12.2018"
"Hakan: Muhafız: 1. Sezon: 6. Bölüm","17.12.2018"
"Hakan: Muhafız: 1. Sezon: 4. Bölüm","17.12.2018"
"Hakan: Muhafız: 1. Sezon: 5. Bölüm","16.12.2018"
"Hakan: Muhafız: 1. Sezon: 3. Bölüm","16.12.2018"
"Hakan: Muhafız: 1. Sezon: 2. Bölüm","16.12.2018"
"Hakan: Muhafız: 1. Sezon: 1. Bölüm","16.12.2018"
"Delidolu","04.11.2018"
"American Vandal: 1. Sezon: Somut Gerçekler: Vandalizm ve Müstehcenlik","16.10.2018"
"The End of the F***ing World: 1. Sezon: 1. Bölüm","16.10.2018"
"Riverdale: 1. Sezon: No. 13: Öbür Dünya","16.10.2018"
"Élite: 1. Sezon: Assilah","14.10.2018"
"Élite: 1. Sezon: Her Şey Altüst Olur","14.10.2018"
"Élite: 1. Sezon: Her Şey Yoluna Girecek","14.10.2018"
"Élite: 1. Sezon: Herkes Yalan Söyler","12.10.2018"
"Élite: 1. Sezon: Aşk Bir Uyuşturucudur","11.10.2018"
"Élite: 1. Sezon: Cumartesi Gecesi","11.10.2018"
"Élite: 1. Sezon: Arzu","11.10.2018"
"Élite: 1. Sezon: Hoş Geldiniz","10.10.2018"
"Sense8: 1. Sezon: Limbik Rezonans","25.09.2018"
"Insatiable: 1. Sezon: Zayıflık Büyülüdür","16.09.2018"
"Insatiable: 1. Sezon: Pilot Bölüm","13.09.2018"
